[].Series Number,[].Filename,[].Name,[].Description,[].Gender,[].Attributes- Hair. Eyes. Teeth. Skin Color. Clothing. Accessories. Expression. Strrength. Weakness,[].UUID,[].field8,[].hash
1,adewale-the-amebo,adewale the amebo,adewale the amebo,male,,cad316c3-37f8-4b27-9f53-9d803bfcfee7,,591ddc512011e07fe390d26a2b179f4791934575c61f5190fb9f9ea60ed05b21
2,alli-the-queeny,alli the queeny,Alli is an LGBT Stan.,male,,a57ecda4-a26f-4e97-a757-e1800af39aab,,fd7166ec50cdd9b51d4058a5c4e22848eed3175721b8d0919e72cd9d0f089964
3,aminat-the-snnobish,aminat the snnobish,Aminat never really wants to talk to anyone.,female,,0e37ed0d-3e84-4f32-a91f-ec9c4ba8c7de,,9495f72904f899d64fca03e22b61d137837b9bbd94243d5635ea25051893b8ad
4,aminu-the-carpenter,aminu the carpenter,Aminu's hands are blessed	 he makes the best furniture in the whole of Kano.,male,,4f30b751-96e7-40fe-97fd-e3d44973ff2f,,13e692b33fbbf8770d2d20fbb10737bcabf6a78b948317ec53531fd2af01edaf
5,chibuike-the-kudibag,chibuike the kudibag,Chibuike is too rich. Everyone wonders how he got it.,male,,5ce854f2-7ac1-46fd-b3fe-57583935d1e5,,47e1a6c94d4ec0adcfa2c2be643b5dffac9a9c440e6309a68697800d84b6b4fd
6,chidinma-the-model,chidinma the model,From Paris' runways	 to London's streets	 she's always in demand.,female,,c98db72e-49ac-4ca6-89d5-e00f5fbbcc45,,2430eb0f0c340adbffcf6abf02c9bf1ccf095b07f9199db1f9d9eee8a86c1f12
7,chioma-pretty- girl,chioma pretty girl,Chioma's face card is a 100.,female,,182ea888-a85b-42ca-ad73-ed4f8f9aa5c7,,1db1f74a814a76101b472a97e05eb5e541df6b08b5fb48cba29dfcfc89c66ec3
8,damilare-the-handsome,damilare the handsome,He's a fine boy. Everyone loves his face(and him).,male,,27eca2dc-d7df-474a-8f8f-1858152c711e,,c5ab22c14567c5478405914a4ed8fb558ecc8084d6ec34244634469198ccb26d
9,ebiowie-the-planter,ebiowie the planter,Ebiowei has a reputation for nurturing plants.,male,,f1df8270-4d60-4bd4-8959-ba7c384db5c4,,149e16c90a9b495c124a08bba046f531dd7c70cc81840c1cacf1807e95557290
10,emeka-the-businessman,emeka the businessman,Emeka only cares about containers. No time to waste.,male,,9b3d75da-4887-4089-aee4-50de3954fdc9,,61de5168856d423b7b7f0f6cd8597e51fb5a11b82db501a235361d5fb849d61c
11,gbeminyi-the-monk,gbeminyi the monk,He lives in a monastery off the coast. No one has heard him speak in years.,male,,c8b1fd1d-8551-4bb4-8dc4-923a9aeb39fb,,dfbd2cd5ae45fb67d57376754d148e6944fe43fecf2daf7f13dbf4b2dd5df20c
12,henry-the-sportsman,henry the sportsman,He's played every sport known to man. Even cricket.,male,,e1225451-bfdf-4a1f-8d37-9cce3a0bd67b,,e42bbfc8e7464e67d1c4dc44ff6de2fe588d17d183fca4ac7d00656e5bbc02ce
13,mayowa-the-smallie,mayowa the smallie,Mayowa is so small but everyone loves him even still.,male,,dfbb4163-df24-4d54-b74c-6218a68df8bd,,2ed2ce13f5dcf476f449f753bbaf17aae78b3ada6471a10b97200d9564435d27
14,muyiwa-the-stylish,muyiwa the stylish,Muyiwa has a motto which is never to be caught unfresh.,male,,dcf9d5a0-57b7-4126-a05e-6c8f1045d3f7,,65192e22e16cf2a4bbefc262aa8d4b15c344c3889ae2f36bebd9939d231bb2c0
15,nina-paper-chaser,nina paper chaser,Nina na Igbo girl wey like money. Finish.,female,,59524227-dc52-407c-8cca-e9e8c5fb3018,,81bd49e042b7c71f958b12deacd6c80b5a8dfcf635d688a2610954798c730929
16,oluwaseun-spicy,oluwaseun spicy,He loves spicy foods. He cooks pepper and sprinkles rice on top.,male,,808f7007-6552-4efa-bd13-4b7c337b102b,,1a96900bf39e6e81f55ecbb6180ec47ba47bdaff0295ef4dec8ad60f41c9cc50
17,sesan-the-smartie,sesan the smartie,Sesan always comes first in competitions.,male,,ba3edda7-8940-4ca4-97ba-826398d5909f,,5685b20b1bd3a52e1479ab9358569089fd0cb920f2b391dd776a55d4609587c7
18,tiwa-london,tiwa london,If she says she's in London and you see her	 you're in London too.,female,,78da7aeb-8352-4e25-89ac-dc48b5984089,,019055025271d861233cf192dac3124b6ea2b7937deacbe01f2f0d6ea5c771f1
19,tunde-yoruba-demon,tunde yoruba demon,Tunde derives joy in breaking girls heart. It's a lifestyle.",male,,53b46bd7-a537-402b-b249-0b4074a8faae,,a7db9c3a9d351e7c75e9e0dc4a2f78a90c2659d19a0775cc5840313c5b929106
20,yakubu-the-zombie,yakubu the zombie,Yakubu earned his zombie title because na only dust full him head.,male,,4adb6781-1614-424e-8f77-fe59ffca2209,,42ff6cc7eb753484519989ac3a7fd0c85f5633906b8104376932c0a4b5ab1c50
TEAM CLUTCH,,,,,,,,106d5122b24936bb939f55798c6315210f4318ef4e9fcdb87c98ef961581da06
21,abdul-the-vibe,abdul the vibe,abdul the life of the party and can never be caught unfresh,male,,770f817a-9d9a-4772-9a91-e66dd9d03470,,a3303ad6d397cae4eb4140e5320580ed732ff05bec65f3ca68099279a27f6bbe
22,emeka-the -clown,emeka the clown,emeka the funny man	 always making silly jokes,male,,78810fa6-a7ef-4d83-bf57-caf49db4ee69,,cc1241a6cf0dab2080dd92338119878d9edbb14d99f7a83ab9e48d6f14c2f08d
23,salam-the-odogwu,salam the odogwu,salam is a big time textile marketer always sourcing for quality materials,male,,f2957ded-022c-4b07-92c6-b345d4816a67,,b6b05354cc598e3e8fea130635db665f041d66e6a351f3ab28f547fe1c74aa81
24,24,charles the exporter,charles a business man an importer and exporter never to be caught idle,male,,09395e76-19ed-4852-8748-795ee7496a8e,,2d1664dfd4c45b48c53e4dd373b230a3f03ebc4c923ffdaffd941db8b2a12fd4
25,wole-the-pimp,wole the pimp,wole knows all the babes in town and is always pimping them out,male,,4d94d4f7-9b69-4e43-9db1-1fe83df92857,,25f9e41207e653bf2633dfcc6238586b682a1f0d78a269bc18c6543229d46e4a
26,saro-the-baller,saro the baller,saro is a baller and is always ready to turnup,male,,d35a7514-8996-42fb-a5f2-5a603ec679c5,,8760c8ae2c0db46f2022a1650e6ff8cdd1bd62319d56d630b21996e9b512b385
27,ade-omo-yoruba,ade omo yoruba,ade a yourba man takes pride in the yourba tribe,male,,92984fa0-310b-4377-8a10-15965d044383,,e5fb83af218dc6d55cfca5840c22fcfd75b9bd4649a58d5d584b7381b0223e04
28,shola-cool-kid,shola cool kid,shola prefers to be alone because he hates stress,male,,3ac5c186-bc14-4eb6-8567-cc818465a64f,,8bb58233011f420e063da26ccfec6db9123cd7dd672b645f4fadc39d1de70e49
29,charlie-the-smoker,charlie the smoker,charlie uses smoking as a coping mechanism,male,,71a0aa22-d111-43b7-8484-43d87310bc42,,52e1dba19a441412ba748127d7bc1f40619d97fc9ae8f1bb1c7d791930c442e0
30,femi-the-badguy,femi the badguy,femi is the biggest guy in lagos and he has served plenty babes breakfast,male,,e493e3fb-a8a0-455a-854f-0f6474bbc69f,,2a60a0df2fa767ed15de48f9bbe0e7f491964581fc3a44608f9728fde258c788
31,sinzu-money,sinzu money,sinzu loves spending money on flashy things,male,,942f8347-9932-4331-bd15-d0f3a048b54f,,43d2302002e608fdc3e390f1d6d87437ed22d0e0319472c67ae22fe8d4219149
32,obinna-the-palmwine tapper,obinna the palmwine tapper,obinna taps palmwine for a living,male,,0f1af056-2548-4407-bed4-abc11deae05d,,9b788d0d4bfbc3040a0ac72ce647819655dfdeef61dc530a3f99d90643067189
33,aminu-maikudi,aminu maikudi,aminu is a wealthy man from a family with generational wealth. His exquisite taste shows it,male,,0129e7a5-e3d0-4675-92d0-1a1e55d11612,,c5dab580e9ff4846b2ece09db21b1e910d11816f64306699625d44894beb1e94
34,sabinus-the-town crier,sabinus the town crier,sabinus delivers messages to his town people,male,,01d4ce96-818e-44b1-8813-68a7d34b35ba,,f30b0d87f538ce09758bd7f6e9485ead5b8bce7557712ebb3c5fee9c6e40cc50
35,adisa-ibadan,adisa ibadan,adisa the greatest man in the whole town of ibadan	 is authority can never be questioned,male,,3a925f27-35f6-4dbf-9960-c6527fae5f3e,,ce9d99a8d4a74a8fc98586de12b99730a5b917661bbfce1b225aa36e8db388fe
36,linda-the-navigator,linda the navigator,linda knows how to make a way for herself and people around her,female,,71f335a6-5a4f-4410-9cea-179336f0e498,,44e62abeff84dea0eb8aacd6aa6a21a3e06ddc8a954bcc7d571ece81cea582b1
37,kemi-the-iron lady,kemi the iron lady,kemi the strongest woman known to the town of  igbede people,female,,35b11a31-5b92-49f4-8fb1-30f255d22054,,3d0027f4e01d739bd7d528c191e92660472fb317bbd99c59f2574d19aa3560f8
38,mercy-the-sassy lady,mercy the sassy lady,mercy only care about spending her father's money and treats people like trash,female,,7a3c70ac-927f-4a63-a3df-ab86dd27cd0f,,d96f3e7462b5c0e3ba1bf5eb5d4e6de47f9cd54b6236a06cb72da324788d240d
39,sandra-money,sandra money,sandra likes getting and spending money,female,,1bd95fb0-7b2e-4354-bebd-22f9cf70a1ca,,63651b713462763cf45091dfee5b40252f7f4194d3c3ed22d1c535d8c99d8605
40,bimpe-the-fashionista,bimpe the fashionista,bimpe loves wearing trendy clothes and looking gorgeous,female,,92b548b7-998b-46b6-8198-80d407209483,,13c821f0a4587678eda70cd980aded82774a07c23381d2b583d57dbc46fbb90e
TEAM ENGINE,,,,,,,,539dd8829fc536b070f01b9da06847df3ffd19102542466e5baf8f397509e0a1
41,kim-rich-aunty,kim rich aunty,she loves spoiling her nieces and nephew,Female,,3344a73c-f15e-4afd-a1b2-3199e27eb08f,,d916691a752c6e01478f0ff10b3492123573864957e82710eca6d226500fac06
42,barbra-vampire-bc,barbra vampire bc,she loves drinking the blood of her victims,Female,,4f31fd99-4918-42a9-a112-fa60ef36d5c6,,b43901bb825f804e6cb8f66be8f15b106b4cc2fa7388859f2121e37465673eb0
43,jean-art-dolger,jean art dolger,loves collecting art for charity,Female,,5e1105d9-e485-462d-a5bf-1eb931976b13,,025efb9aa87090026dcb7a9e7c70fd8b9093e91ca1203eb05a2a1bb885929854
44,flora-burger- eater,flora burger eater,she loves eating burgers,Female,,054dffd1-cdff-417b-b6c2-a679dabd087b,,e2ad8786507f826c13109aca2a38ba3eebe28a4bddfd2c23d75d431ea8543bb7
45,jessie-lord-rings,jessie lord rings,she seeks her 'precious',Female,,caacabe1-0abc-43af-92e2-2231248bff93,,1dc1ca9a762cca47fe9a23b78e83e1b826e4aa293a692dff5198561be0b6e53e
46,pinky-monky-ponk,pinky monky ponk,she love to dance the honky tonk,Female,,bd6a4b38-543e-40fa-9153-f7e1a947ebb1,,8b77f9a63b7f77b947325ec261db8d9d8d761346f4800744988f6c05bd341c39
47,wanjiru-hippie-glitter,wanjiru hippie glitter,a hippie that loves her glitters,Female,,683f0d27-3cb4-4948-b1b5-09f10bee575a,,35d09d6cfbd65ffa2f7ee6fe3d7e93bf2b1e39bf7d5f0249512b80a6da14fb62
48,njoki-binary-coder,njoki binary coder,she codes with the best and tops the set,Female,,9b59bdb4-0c6c-4107-9d72-6d38d308edb4,,e2c62353e124efc64dd2b5d0fa223c828e31b1d85608b64af325508cbb57601f
49,wangu-calaba-hustler,wangu calaba hustler,she's a mean hustler so be careful,Female,,67f7da93-3925-4def-b660-58f558c14a19,,d2fd6a959966bcb42796a48e24ab18ee7ec0029b46ef0ce99161da8c9d2149fa
50,lulu-dey-kpako,lulu dey kpako,she's as skinny as she is beautiful,Female,,23b6c38f-ab84-4565-bfe9-d9eb019c9f29,,ed2c6ad0fd11656a66d40b7e08c7da25786d64937cc814f545a220d86f291f80
51,kiki-cala-flier,kiki cala flier,she flies first class and gets the best deals,Female,,d24aefff-c9fc-4ea9-a7cf-1b741076c822,,8a017143db559d281c2b2e82602938a36223b9642ad19d886e270c1622933a0b
52,purity-nft -investor,purity nft investor,she is an angel investor looking for the next big thing,Female,,ee86ef77-4793-411a-88d3-ea54d84f6b24,,26807ff4edfaafec3ec00ca212e10abb2315f35c0498330dc0d16aa43e7f9b63
53,june-binary-monk,june binary monk,she has a twin thats from Tibet,Female,,102c4cdb-f812-44fd-bf47-5065284c6075,,e210e0641414a6fabacf5c33a766bdfccf056ae53704775f84afd1eec59289c7
54,aisha-crows-damsel,aisha crows damsel,she is always a damsel in distress,Female,,c4071af3-b49e-4ad6-898b-7828f90465fb,,b1cebd9a8d90988af5d06ae3b3f80e520ae9aebadc702929e91846c85060fbbd
55,bobo-crypto-lovely,bobo crypto lovely,she is a crpto guru you can trust all through,Female,,427ea0f5-30a3-4d70-a5bd-a6106409b83c,,f6cd28e5aa0a0bd2747a646c495e59dd2d32fe26219e5ff85095701922b5ccd0
56,nell-light -embrace,nell light embrace,she is an empath; ready with a kind word or hug,Female,,9dfe30b4-c71a-471c-8091-f5c4a238eed8,,0c3a29175aff4b2eabc36e84e84270eb2e5f23ad840aae9a56ab6c746137013d
57,rachel-mood-silent,rachel mood silent,introvert  to the core	 a mysterious lady,Female,,11450acd-f0d7-406f-bc18-bdb680404845,,fe3101ac5cfd3e3cd696ef1df4e139a2a2fb1a8d34b662c44bfda2d3a57d641b
58,nana-reflector-agent,nana reflector agent,she loves her chrome fashion stye,Female,,63bda633-bfca-4b28-823f-7772936b4103,,df1c81848cbba34de459d85301bdf2d0437eaa4479c8baa9d96da1b0c2e7a2a0
59,bree-busy-gossip,bree busy gossip,never wisper your secrets to her	 except you want the world to know,Female,,4f5898d9-fc99-4053-a56c-b2ec1ef41347,,2bf4d065f9252c5c8d6bb61b9a090d6875cba332ea77ee6971bd4bac051353ec
60,jude-shadow-fighter,jude shadow fighter,a ninja warrior	 the last samurai standing,Female,,a47b2ed7-d4aa-4404-ac40-0ecea464cf3f,,83dcd5f6d759ac79c6f7546f26a9086c6615b552adf411b35ab7a7e3038794fd
TEAM GRIT,,,,,,,,6997aa45e3db91335e6fb8c422e27899acffc69e3d56acca703c3aef1a6cd8e8
61,toy-soldier,toy soldier,a man stronger than an army,male,hair: bald	 strengths: powerful	 weakness: sentimental,fc8ea3ac-59d1-11ed-9b6a-0242ac120002,,3bc5ee16533a401d725bf385e5b38c89a3c144d96e890d7b75daf46dd4c31df7
62,pipey-rivers,pipey rivers,a man who loves the water so much and fixes its path,male,hair:bald	 strengths: calculative	 weakness: public speaking,58f69cae-59d1-11ed-9b6a-0242ac120002,,4646a08efff7e297a51987eea2b27c4ee0b9f5f60a21d2c04c8a43c51f05e7be
63,phiri-of-zambia,phiri of zambia,an african woman with strength and beauty,female,hair: two purple bun	 strengths: free spirit weakness: blind,24b537fa-59d3-11ed-9b6a-0242ac120002,,e0a93c824a22d30f4d8bfa498c3b555dfe5118ba02f47514813eea4206ca915f
64,patrick-of-bikinibottom,patrick of bikinibottom,a white man who loves the African culture and associates with their dressing,male,hair: bald	 strengths: adaptation	 weakness: fluency,064c7b84-59d3-11ed-9b6a-0242ac120002,,a4464e6715fe2887c140edb2b39d4e35c33db48cac0e4bd75f4b699869335d24
65,nobuhle-of-zulu,nobuhle of zulu,a woman well endowed with beauty,female,hair: brown bun	 strengths: cool headed	 weakness: pressure,1ee5b1ce-59d3-11ed-9b6a-0242ac120002,,58727cf98c40cfd91280e4b8e86b58484ed7c4ae2c9aeb3d09482d4b0fa2851c
66,nkosazana-of-xhosa,nkosazana of xhosa,an african princess always proud of her culture,female,hair: ginger afro	 strengths: confidence	 weakness: endurance,2f1a1724-59d3-11ed-9b6a-0242ac120002,,58aa418b14fbde10830ccbbedbd968b83f46adebdc447a8d001bb3ad0db5f87f
67,mandla-of-zulu,mandla of zulu,a simple and an introvert who keeps to himself,male,hair: bald	 strength: strong willed	 weakness: relationship,d04553b2-59d7-11ed-9b6a-0242ac120002,,cd29c73a763f946d5f891e09bf89476f113186f3a9b5cfb8acfc32c9f36fa6fe
68,john-doe,john doe,a principled guy who is conscious of his health and ensures protection from infection,male,hair: bald	 strength: cleaniness	 weakness: perfectionist,5d19795e-59d2-11ed-9b6a-0242ac120002,,7a7020824eb7ac137531d9755833ac82a66b03c13c4154647c838f563b9874b6
69,ghost-of-power,ghost of power,a woman stronger than ten men combined,female,hair: black tied with scalf	 strength: badass weakness: cancer,29c764ca-59d3-11ed-9b6a-0242ac120002,,347ff61ae8950c7ab10c281edcaaeeb4a022eb6a5383dfc3eeeaaaafb3f22d93
70,freida,freida,a man who is always peaceful,male,hair: bald	 strength: peaceful weakness: anger,ee671c4a-59d2-11ed-9b6a-0242ac120002,,e9d3e19ce0b76f260ba556db42dba985f439f77e932b76761e195f69671dd14e
71,flamboyant-tree,flamboyant tree,beautiful african woman,female,hair: one bun dark brown	 strength: beauty	 weakness: lover girl,380e4990-59d3-11ed-9b6a-0242ac120002,,c27f483d00d8939cbfd61989c110d2be11bb46e4a91f967530aed741eb28f533
72,david-of-accra,david of accra,a combatant who fights and defends his people,male,hair: bald	 strength: super powerful	 weakness: sleeping,1c1ef1b4-59d1-11ed-9b6a-0242ac120002,,fd6717e1e94b9057974f014cf6da6b18728cdae6a055ea9c3c2361c9b5cd7f03
73,cally-lily,cally lily,a man who is a breath of fresh air,male,hair: male	 strength: calm weakness: sun,82bba87c-59d1-11ed-9b6a-0242ac120002,,622b367f7a64bf38cf7481ab93fed0da1ecd2fdcf59ce575a7dddea562c4a925
74,bubune-of-accra,bubune of accra,a man with honor	 always conscious of his health,male,hair: bald	 strength: clean weakness: foodie,faa4b530-59d2-11ed-9b6a-0242ac120002,,fd92c36502964165ed0c8a17752e1a6bdff9b024aa5487b09854bde75c7005ab
75,bediako-of-accra,bediako of accra,a strong man always ready to fight for what is right,male,hair: bald	 strength: activist	 weakness: irrational,fb6e8222-59d0-11ed-9b6a-0242ac120002,,82a92dd896e779fc8ccca4b93c469bfb93264e7a2555bfb895c8fe3667b12db2
76,avatar-aang,avatar aang,a man who is ready to save the world,male,hair: bald	 strength: mind games	 weakness: insomia,169f93a0-59d2-11ed-9b6a-0242ac120002,,392fff9a163cab848450da6fd7271a254eaefc2d0d9b5a4c2089bb245c54bafe
77,argus-greek,argus greek,a man who you will always find on the look out,male,hair: bald	 strength: strong 	 weakness: lateness,e7f26b26-59d2-11ed-9b6a-0242ac120002,,defecd420c5900ae8d923735665416f2307c28022a88e0eb5cdb09fdbb7a0f01
78,amahle-of-zulu,amahle of zulu,A traditional man	 feeling fulfilled,male,hair: bald	 strength: conversationist	 weakness: traditionalist,169f93a0-59d2-11ed-9b6a-0242ac120002,,46f0c3d848ae78a75fad4f51769f69625e3db1972663d63aa2ab32a5a8fdf00f
79,agnar-ole,agnar ole,a man who feels like an outcast and always has a battle with his mind,male,hair: bald	 strength: strong willed	 weakness: crying,f3f11fd0-59d2-11ed-9b6a-0242ac120002,,f05e79f4e37a020f2abb25a82a2af970c3babac611ab95a9d35c335d5022b82e
80,adom-kulu,adom kulu,a Ghanaian model	 proud of his culture,male,hair: bald	 strength: height	  weakness: pride,00f6589e-59d3-11ed-9b6a-0242ac120002,,4e813c947f52b32d17df509c6d79ee4f56d92c4bda5daa5d996c7302107f6e43
TEAM PRYBAR,,,,,,,,5f41039f3015eb42b9fa537e54193567e2a3179f3c20a1ed0225ad475d814ea2
81,segun-baller,segun baller,,,,58ac5cf6-b644-41c6-af79-ec9aa5f6bdd1,,d4e451eda10bdc43f01c3a9730956164fd439143aa5e85f39a0cf2ad1c00c172
82,bolanle-pepper-dem,bolanle pepper dem,,,,46966104-775b-4443-90bb-b35afd121653,,5abe15aab3122acc8683574b6fedb0771faa4f8be9b4dc391f3c5e01ed202600
83,tayo-tailor,tayo tailor,,,,70828783-ac38-48cf-b966-cfebc92ebd86,,ff5e9558ad1da27f86f33da7a8cacee97b9009d1314c21aa11c51797d190902f
84,ajasco-comedian,ajasco comedian,,,,8bebdb3a-f0a8-47ba-892f-39aa275fbd0d,,cd404f4def062c0bda05b7713d6710b4fa0939f05f2f2cce34f88ca58d93ec8c
85,tobi-babyboy,tobi babyboy,,,,3da592d4-5dec-4bc5-8412-f1b2a0269f95,,881ce2221fb6842d0a99a8617d34bfffef83c7f9ae426f405961365a38ff4ae6
86,esther-sassy,esther sassy,,,,0642a25a-966d-446f-b021-a6d18e7fa0c5,,f5e95a8475f2f673589fbf54861def6b14f53acae5234848676d13d7f64b4b96
87,ozo-fineboi,ozo fineboi,,,,fdb0a5b6-7367-48bb-bd6b-720ec8c15226,,ad82af536e8dc8608dffd0a3b11a023e4578aa2cac4ce9dc4a571e111f1afbe2
88,ade-party-girl,ade party girl,,,,7e3db30c-9faf-430d-ab48-b854fe0456b9,,551d7b378af19132e80153765884a0cf167db17b13fd0714e443d767d2952845
89,john-casco,john casco,,,,2eff88ef-5bc2-4779-917a-533e952e2953,,a3ab95dcf7a40a413d123eb53d51b7c0c3b3bd3fcbe66f464c4512ed072343b8
90,agha-uwa,agha uwa,,,,8478a002-1eba-4a05-8b98-7170c6e39254,,4319f1f571018412c0c1c39a3134155285479d2660faeb5b320e8fc42034adcd
91,udeme-great,udeme great,,,,d1476409-6f8b-4be9-8c93-24d9123749c5,,549e7159808e24acba7ca87c942a851737f6efb7926c92e46df002076b87e951
92,femi-tech-bro,femi tech bro,,,,ba3ec22a-13d5-4e19-9b7f-aac764fda28c,,9f30d57aba7d3737cb350e9884c12c33d109d6f5dc08f5de9d088bd3e4e972f9
93,sai-baba,sai baba,,,,fdfff369-5b57-4612-9f89-f5d408f24a35,,c2a3093072ee0236da15e04f18099d2006ccc6109b451f178efe60993105787d
94,omo-pastor,omo pastor,,,,49e09559-61a6-41ff-811a-272721a7475c,,74351bfa4dec7ba5d98b02aaafbe2bf4c771e3e638c428222d3ae4afb2c8237d
95,obi-container,obi container,,,,4b64cf48-94fa-4aed-8cf2-452974b48ee3,,72bc2a6cf2715c8208c6a288e650b3f2d1bb072fb06365f6b5d3db26eb31bc0c
96,erigga-international,erigga international,,,,3ac39a5e-7b0c-4371-b0c8-7cb4b68aed2c,,6cd649a5c4d34628f387ebdbfc8460c7d355b3c1eda94d9f67c5ec39c34191ef
97,ayo-web3-bro,ayo web3 bro,,,,c137ec2b-18cd-4c29-a194-af29ac9e6c1c,,1574d7c6b0d660afc9969182d09c01be2ab2103afbd76ab2d091e36d557e137f
98,phoebe-queen-bee,phoebe queen bee,,,,1277e9c0-81dc-4747-89df-a9d2ae4fcf96,,9c69565eb7948b0b45aad2a6fbafb0e06481901228148766eec74b23a8ac752a
99,rachel-warri-babe,rachel warri babe,,,,19e6af3b-ef2d-46ba-ba05-59fb612ebbee,,79a730e633c668c7cd04727cad6d44c24001961011fae6469d840c403ef39d2f
100,adun-preacher,adun preacher,,,,cc4dfedf-c343-48db-ad67-e39452ec2380,,67a703a5d86b4faf9500ad610687da59b9a34cab57e5d43d3937d885d34f1bfd
TEAM CHISEL,,,,,,,,d97639de96cd64267287c97cd07ee4190ca6ff994bab4c5e63035b394e284928
101,adebola-omo-oba,adebola omo oba,Adebola loves soft life with her fathers wealth,female,,fbf43611-f267-4cba-bf4b-a3ffdc122589,,8ee4932897cc09bfb19e8e23a74c4be50ebcbc82ed6d0087ab5a7f9667f4a1dd
102,chichi-the-dancer,chichi the dancer,Chichi loves dancing and party,female,,e7c32b06-7022-49b4-bbe5-81e8c1d58583,,5c989c8da07ae6db9834d6ac07b1500f5a5dd6c27368d1a8e9accfee3c046cee
103,hammed-the-farmer,hammed the farmer,Hammed owns a farm with his family,male,,e57d8985-599e-49da-8d62-fc16b7ac93f2,,363bff7734cce7b4d1e1d4e5edecb3fe3e50f603973c99f09016daaa151c210d
104,farida-the-tivlady,farida the tivlady,Farada is a traditional TIv woman,female,,31d3e229-003e-43c8-ba82-38f49cf58ccb,,04fd24c896a36c905f115653b8a8aabbb7f8d004a3e5b337f4649f6ef14b209c
105,hannah-the-singer,hannah the singer,Hannah loves singing and belongs to choir,female,,281f5bd7-5282-458b-9811-e369980e7dee,,2f688683f6091f56ececed528abb37935246c9d29eaf6363614119973962ca30
106,nonso-the-igbogirl,nonso the igbogirl,Nonso is an Igbo girl that loves money,female,,5cfa76df-8376-4505-af12-78af24f108d6,,c0430a10ffb574eaac4cb09bfd28882913e3c4d03d243cb937019e7e2aa4f89b
107,shade-olori,shade olori,Shade loves soft life and makeup,female,,1a07ca73-d39b-43e9-a0f1-ef9f5e57d3a9,,8c0b8cc56bdaa39fad28f5aa4f915c8824daf4a5b6a4ef838a545ad2cbbaa69b
108,quadri-the-teacher,quadri the teacher,Quadri is a devoted teacher that teaches mathematics,male,,d96a93e7-17a4-4efe-b09b-02185cc81ce8,,5fe6addced69f5ec4e509977b34f4eb245beb56c247c37fab5a169412c5f59e6
109,Ifeanyi-the-dj,Ifeanyi the dj,Ifeanyi is a music dj that performs at events,male,,030f665d-2cd7-4376-aef5-4030dad9f2d6,,84b72f66ba77d8040c9af05f68ea6db24a563a1a3166d3da5e6e4fb6cdf80c34
110,fayo-the-yorubademon,fayo the yorubademon,Fayo is a youruba demon that breaks hearts,male,,e270e278-a9b5-408d-b527-d518239a997b,,71e38114c64190f936e75b2e03be3033f26d95d1d177067d1c5f8710a882c242
111,nkechi-the-actress,nkechi the actress,Nkechi is an internation actress that acts in hollywood,female,,34b1136d-00b1-4f29-8a03-5b02291d47d5,,e74e06a71a7e34f840093b64e8be25760ac0d44aa73b8813e0a7cb247f08af19
112,hamzat-the-mallam,hamzat the mallam,Hamsat is a mallam that changes money,male,,592eff9f-93b2-4452-a2ed-5d44ebc969db,,7b163f515ef0570f003053467942b56516c7c39dfa2e54babef291e47c4056d9
113,nnena-pretty-girl,nnena pretty girl,Nnena is beautiful girl that loves to talk about her beauty,female,,d9477612-ad63-408e-8d12-24679c647b32,,36b94a9f306977b5442ecee2994046bf8e7c23fd72fccd85bc808ead7afd06ef
114,tunde-the-boss,tunde the boss,Tunde is a boss that orders her helps around,male,,7635c4ee-04f6-4872-bfc9-37e5a73c8fc6,,57452a70194909a5752731e9016ce4e86a2710026795eeb37cab1439fb1b0743
115,nnamdi-the-barber,nnamdi the barber,Nnamdi is a baber that does celebrity haircuts,male,,152758f3-9414-45a2-a809-95cb05a3de13,,4d3162efd8c53f99d16790234e9ac859043d84253d347dbe5e99a06b92f76791
116,amaka-the-hypepriestess,amaka the hypepriestess,Amaka is a very hyper that she hypes in the clubs,female,,c7726e84-3c5c-4e66-8677-cbfb5c9ee850,,b68b8d6aa3b32f1bddb983b7ee2205d9527f6757970e4d75edf61b026a3a970d
117,kemi-foodie,kemi foodie,Kemi loves food but cannot cook,female,,3116cb6f-14c4-4d5a-af57-54253b72a309,,7ac808d43f438c7f8d87fab59d7b18c01093d33dc640b2e000c74c591c486b2f
118,ada-the-fashionister,ada the fashionister,Ada loves fashion that she rarely repeats cloths,female,,a14df1c1-7a5a-4a33-8780-0fb01c593da6,,28909acff2e58e9c0c0f51feed5668bfa961be691c1bb87418727b16318eaa51
119,kayode-the-baller,kayode the baller,Kayode loves life and lives it,male,,fe17bfdc-c251-4654-8313-1ab793e11748,,fa4b2533ca2d90d7a0996608c38814a107cb4f46dcf186aff67b2af102c465d3
120,kola-of-lagos,kola of lagos,Kola is the life of the party everywhere he is,male,,df295be1-1509-406e-a263-28a5dee0abca,,057314ae3a602e5b7d26ff2be80447aed1c15a96539120c8dc1a60b3ac56db59
TEAM BRAINBOX,,,,,,,,23a6f898f67240a688a507beaa0536bd483b12fafa0e28097f481923adf5010c
121,azikiwe-popular-trader,azikiwe popular trader,Azikiwe is a popular trader,Male,Gold teeth	 clothe:isiagu,7ebde325-8efc-4997-811a-b5686269929e,,204b25b1e64f1420a189f2733c3b509bec64dc83397e59a92f9db881fdd59071
122,obasanjo-funny-guy,obasanjo funny guy,Obasanjo is so hilarious,Male,Cloth:ankara,c136a120-a339-4080-96ca-1c93845c5848,,7be7d6b91dcb76eaa530c5f2ac2c79630325a2417a6ac24fba5b500bfc802f17
123,yakubu-village-chief,yakubu village chief,Yakubu is the village chieftain,Male,Gap tooth,5b0c0d26-d204-4264-b579-081ff9df935b,,53fe8d91d8e155dcecb6d3de0d1c379800b7ec967b7db1d3f246c88aaa9e9f41
124,abacha-loves-smoking,abacha loves smoking,Abacha loves taking pipe,Male,Pleading eyes and a pipe,8ac6d95f-0cf3-4f54-9cf2-be8834b3004c,,b1c0262c701e9fd6b099fda6f79833dbd94b2a0a176cb552d20bc75312329859
125,johnathan-good-leader,johnathan good leader,A very progressive young man with positivity,Male,Agbada attire,241e3713-4ce3-48d0-827f-b282ae2db6c4,,d7773e6f45e312edd072aab3a4afdb6b0fc61755d1c2df3163aca066decf6d49
126,johnathan-genz-kid,johnathan genz kid,A child of the moment 	 all fun and cruise,Male,Hair; high ponk,90c0ae09-a35f-42ad-b93c-dcf30169acd9,,f1c7cbb0ea6fa584aa0ac8ee87a493feeb5292015ad445cdcafef37fefec791d
127,eddy-the-community,eddy the community,Man of the people,Male,Two teeth and kaftan attire,5cabf9d9-882b-459e-9253-8c07eb045e2d,,f01ebb95d1580a6f98b2330393a2939175a184eb940b22f1818f7dc4469eef5e
128,olu-the-oba,olu the oba,The oba of Ofuk kingdom,Male,Pleading face,04c4b28a-aca0-44b1-a064-ed0d9d2a31ca,,78b81d3e4019e1a6ed4805cc7cbc9644cf51338239c239752e08c140c6a02e24
129,edu-the-biggest-trader,edu the biggest trader,The biggest merchant in west coast,Male,Blue eyes,48d1de5f-5f3f-46aa-b2fd-68420a8e802b,,19e1d6f418983359c2386c8ede702c6bf2d6add7b31350cf44f2675ac8f92226
130,james-importer-and-exporter,james importer and exporter,Sole importer and exporter of spare parts in Africa,Male,Blue eyes,22541251-022f-480c-8c1e-cf754dce16d6,,7f488dd3e57c3b7c50d07daedea0ef6085ca2bc776c02f2731937e4dff968c55
131,lanre-the-dreaded-guy,lanre the dreaded guy,The wayward tout,Male,Bandana head scarf,66a054cd-5541-4000-98aa-8f2e9892d880,,1ac94df6e4b8e94a8b996c4c350b4183120d7f98a3632bd038fe87a8cb9a873f
132,olamide-the-street-boy,olamide the street boy,Friendly street gang,Male,Gold teeth,d50a35b1-b42e-4e0c-8dd8-9b892b56d371,,2088550e8e276e08823e8094369164e5a56a29939a0999366675cf8c1261554e
133,uche-peace-loving-man,uche peace loving man,A man of peace and discipline,Male,Beard,6c9d6eae-2ea2-468c-a2c8-928aaafc084b,,be4516b45e5787e056f6a908d0b11e87ea4430fd48b272b599cf87408fda53f2
134,dave-the-tech-bro,dave the tech bro,Dave the web3 geng,Male,Beard,c0857b11-bf0e-46a4-9108-b8eb93d83e74,,e29526c8d5984af9358df844118ae7af228672ac0aa5b09e5d1be17d6f8088d9
135,obi-the-biggest-humanitarian,obi the biggest humanitarian,The biggest helper during the pandemic,Male,Gold teeth,201a408c-7a2e-42d9-a62c-0136c885c211,,8cfb3cd1e930903c188a831e83b1bc059a4ac8c99b0bb44c3fb49f0e25206118
136,precious-the-emotional-girl,precious the emotional girl,Soft hearted and sensitive precious,Female,Brown hair colour,b6a41ff1-51ce-42f7-9933-85d0a22ced68,,4c4a69c921b2900c48049e635954fb9806f1094c4fb44426a84f4d6c91963890
137,ella-serious-minded,ella serious minded,Ella a dedicated young lady,Female,Purple hair colour,04036447-f43e-4bfb-9503-f55c9064b14e,,89588cd5f1f64b58d4f8f49805ab1dfeed45117955d8a912aa6cf8891e542555
138,cynthia-cute-eyes,cynthia cute eyes,Cynthia with a priceless cute eyes,Female,Long hair,5d12847b-6d71-4691-8337-2e6ef3e283b2,,90a5616f11e31acbced029792b3b49b044f26f9ee729d043f64e549614b8fb2d
139,mary-with-hair,mary with hair,Mary with her beautiful Afro,Female,Brown hair,98035e8b-6540-4464-8a3c-fdac9f07b168,,335f080df6f3f51575e69f1a33db629055a428053d86a7be409ccc278661d390
140,ada-chewing-bubble-gum,ada chewing bubble gum,Ada always chewing gum,Female,Black hair,15309dc5-e483-4658-b503-db85ba2c1722,,3b4d317d05e57bd368ed495086f1243dad4f3b2668625cef77f213af743bc813
TEAM PLUG,,,,,,,,2baddf37d0fd4066e7228596124c6ea4f5318ad29aeec2e3e8d9bc4cfbd6cbfb
141,viganem-the-drummer-girl,viganem the drummer girl,she loves jumping a fence to play drums after school,female,,5a5a6f5c-39f3-4beb-ab74-60d3c7a90fd4,,6528f2e28b23ca7188ceea2b265a0fd07f19118c1cab1bc74278ea6ffd4cb056
142,lenusuka-the- big-woman,lenusuka the big woman,The lady that loves spending money and buying everybody asaobi,female,,e564a43a-ef77-487d-a88e-749d20a09fd8,,67f9f2276672fd73076570774dd0c3483e1920e753cb80d99cdfcad40851d2f5
143,enepua-the-clout-queen,enepua the clout queen,The lady that travels all day and enjoys snapping food at restaurants,female,,6dc7e452-0626-4f4c-a28c-f5db3532e305,,61ac3f5148db72efd79055aa6c4ae9de2a91957bdf9957e5170bf12ac440d058
144,usifong-queen-of-mushin,usifong queen of mushin,Changes her hair every 2 weeks and cannot finish one pure water,female,,221263d0-8775-49f8-bbf8-4b08b49e1482,,f439977ad80e947a7f82cba1d0cab7fff21a0a085e80827f9dc1dbb09ae52285
145,akinyim-the-agbaya,akinyim the agbaya,Always playing with small childrens and mostly small girls,male,,c1070dce-48a1-4ae8-b9a4-d070859a8377,,abda3e179611c4908d50faade3ad2895a416dd53f5dbbba7c0722e93fdb319ab
146,zawadi-mr-sleep-everywhere,zawadi mr sleep everywhere,Likes sleeping in the weirdest places especially in clubs,male,,c22489fe-574b-47f3-9667-c9c798b2d4df,,df8308216127458084ef80066dcc010b6f7fe68f4398cd465a1f586650415ca8
147,chepkirui-mr-self-love,chepkirui mr self love,Likes taking care of himself and spending on himself,male,,1a91e778-d214-476b-a667-94e9ecb8b5ce,,c074eed5ede7796d93c5a6046239ecf91de55f4a0171db799a90f5a1fb87a8e5
148,naserian-mr-fear-fear,naserian mr fear fear,Has never slept with anyone and can not kill cockroach,male,,8177cf38-8284-4eb4-b19c-04473bcb3b5e,,9a9564953bc91c577fd513ab20b3cd07b47763bd21a0f729728418a38f84596c
149,wawuda-the-ashawo-of-africa,wawuda the ashawo of africa,Brags about his body count and follows skirt anywhere,male,,0554bf35-f588-4009-aafc-ef875b878c29,,03ff0ad6a12b24ec4e69ade080dfce28e3204b44dba565d0fcf143315c04fa77
150,kerubo-the-igbo-smoker,kerubo the igbo smoker,Loves only his igbo and is happy when he finds an old blunt,male,,33ba8e73-7949-4bc7-ba27-37ee1d573946,,12bc318b87d76cdb212089a78b69e2bf99588bfe23fa349b9d62f5bad499d6fc
151,rehema-the- olodo,rehema the olodo,Failed primary 5 eight times and like playing football after school,male,,1fb33783-4898-48cf-8a73-f81afc71e1a8,,5b348d000637f3f6f54a0031483dd3b756351907ab60c900adffedf06625e4b2
152,nekesa-the-brainbox,nekesa the brainbox,A proposed elite who cannot write a simple speech,,,7ba909bd-19a1-454d-a86c-a45e85cb94a6,,2a764401344be8a763e420c108709edf41d7e312d90012ae2096d5df0811110f
153,kiokoli-the-slowrunner,kiokoli the slowrunner,Always running in every race but never making it to the first 5,,,d7027b6c-ae53-4cce-b80d-67aeb7ceb1ba,,bd7ba06c5eef616f76d485451696d3ac422ee0a0177ca4ca6af59440742d21e5
154,adjuani-uncle-wire-wire,adjuani uncle wire wire,Mugu money spender that loves spending on women extravagantly,,,36cd959f-d280-41f6-af76-765715c72527,,552ac055d328b0e784d8e5c731afffe62d51b396cb39f3458109316d18707af6
155,ajobaru-a-serial-killer,ajobaru a serial killer,High end assasin who cannot survive a day without sex,,,9d262f55-73d7-4b95-9a82-42356dbb085c,,d6e84f38465a21b696230af88e86033a9ddcdce182aeae2485aebc236500a797
156,effiadem-the-fireman,effiadem the fireman,A retired military general who always loves shooting at sight,,,a4534fe0-b5ed-41ab-af72-1f2d0ff0fc64,,140a43c763cee8e069c42cd0f95bf48c7e235cb3302d334c40c2a8553229cbec
157,deladem-the-commandoo,deladem the commandoo,The nerd who has watched all war movies but cannot fight a kid,,,88106b92-da30-46ad-a3cc-d528683b9e33,,53c513d208626ada5ae04c3ff1a6d9939cb11e0dcf402dc2ff574468aa319ee4
158,dogbeda-the-monger,dogbeda the monger,A fisherman who pracitically live in the river,,,66a09968-cb92-4378-a588-49947f68c537,,612091faaf9193ca71b41a3d416f076f57f4ded6cfaa9555bfa6aabef6729a75
159,enyonyam-our-slay-mama,enyonyam our slay mama,Posts new pictures everyday and can snub for africa,,,5e7c7f9d-d631-4759-9b27-cbaccd33d39f,,beadfbc5c90a579e04fbe159d6d63f98bcbdb34a1d9ffaf59c32bcbe2bb80690
160,lumusi-pro-technician,lumusi pro technician,The electrician well known for wiring burnt buildings,,,b07676a6-c611-410d-8426-46c9c525189a,,6028b6b6506266c5991ae08e42ea469849e79da3f257fe87214924c57c391c14
TEAM HEADLIGHT,,,,,,,,12a5af9cd57fbaa1b92c4f9fb97691b5412dc2b0b9b6b7afd62bc8a663537692
161,funmi-the-fashionist,funmi the fashionist,funmi enjoys fashion and she always takes opportunity to showcase her wardrobe,Female,,4f9d99a4-78a2-4fdd-bc30-b027600fa88e,,d4330cbfc3f7dd2e438c06263744ff7a69367d8702ee9b97f8a3f09746b7ff73
162,bola-the-funky,bola the funky,Bola is a funky fellow but she has another personality no one knows,Female,,ac721b71-cbc5-425c-851f-ee826973f0b9,,bb91d287972f720055dd5893e3d18885d12643983ce50ae4461e4038ea954733
163,bimpe-the-runzgirl,bimpe the runzgirl,be careful with bimpe	 she can run you strong thing,Female,,eaa7662f-6926-468a-9add-e791916ae42b,,90486dd07de2b5c173898e3cb0c613a1219e173c3685dee1986a356f2f2efdc1
164,sola-the-queen,sola the queen,sola is a princess. she's got the mind of a queen,Female,,d5f23ad3-832a-4d3e-814e-e23f466d18a4,,9e7e3600f00e881ef125ca3f17d57b3600edc51765db452908f7cfeeed21c723
165,temi-afro-girl,temi afro girl,temi is know for her funny haircut. this time	 afro is up,Female,,4f9d99a4-78a2-4fdd-bc30-b027600fa88e,,fed9a29538b7ff42bbf2a75e81857e57f3f1c1df4cacfe914ad1b95e62770d5e
166,jonny-the-bravo,jonny the bravo,jonny is our local police. he breaks boys free,Male,,2b345988-b4b0-453b-ad39-efe1321bc8f1,,d948f6080521a6be7ff8bae946f559b819cd3b2ac9281693d1798cb7d2f9caf9
167,tunde-the-bigman,tunde the bigman,tunde is the big man on the street. flamboyant life style is his identity,Male,,56db423e-8b09-453e-b5fc-61f4da9d7a6f,,6ebfa2997aaf64f0510f156f456476f05e2e48cdef58da0b0e2ecad309cd7c81
168,joe-the-plain,joe the plain,plain and simple. no one in town is more gentle that broda joe,Male,,7a3083bd-5aa2-48b5-a30b-4445cc060f57,,da1cb419b81724ced3e25a1448385e123a13460f2bee015b5b600391920faf9c
169,wale-sharp-guy,wale sharp guy,wale no de carry last. the thinks and act fast,Male,,44906ea0-901b-4b3d-802f-f73acc8758f6,,945415e570e69b9df6b83244b0c2d783b3f0004f592e93ec0c9e63fd719b7549
170,dele-the-snoozer,dele the snoozer,if sleeping were to be a job. dele will be the world busiest man. set a bed in a fury furnace for dele	 he'll sleep.,Male,,4f9d99a4-78a2-4fdd-bc30-b027600fa88e,,8b167b93c77f9976f060d40c83e9ce06547ccd6777abb23f906bf48f9a5a562e
171,father -of -tolu,father of tolu,baba tolu is a proud father. he will sell his soul just to see tolu excel in life,Male,,a2651258-ca3f-4940-b095-3a61ff630263,,8335c4e97381624f7feb2d1bcc3557193e75a1b1659d419a58cd0c913dea76a3
172,emeka-the-chief,emeka the chief,chief emeka is the pillar of the community. just and fair to all. the real mazi,Male,,de25fd63-dafd-4f77-8072-7ac0ae3a3ab2,,006eea2e0864e1c7ea2e9eb5367981b8a2d8952b0e7a5c007596b33f444a9fb2
173,lawal-the-drooler,lawal the drooler,lawal has only 2 business	 alcoholism and alcoholism. it's only normal for him to drool afterll,Male,,806b640f-1c8b-4cc0-aa10-45f3ddc00140,,797a356007178c6aaa4f0c0e869c785407943233da4655556b34a4a6656b0f0f
174,solo-the-messenger,solo the messenger,solo is a multitasker. you need anything done in your home	 solo is your guy,Male,,44906ea0-901b-4b3d-802f-f73acc8758f6,,16f046f4240e87533902c95471ffe99f55ac353e07c95ab4340fc0bda6ce6154
175,femi-the-honorable,femi the honorable,honorable femi is the modern day politician. everything he does is only to further his political career,Male,,af53bf52-b517-4347-adc6-07cf30c19025,,25abfd24ee902e06faa5933cfa8a7fc7b32aa582724fa375be184d1a5a140f81
176,friday-the-bigsboy,friday the bigsboy,friday always live up to his name. every friday is for the party.,Male,,05ec3aae-7da8-4125-93fb-6fc544e5bc61,,95ce048923b586987f2f8a86306335e6beb0bc8605f46ed2988c124e303a7b82
177,kweku-the-planter,kweku the planter,kweku says he did it. kweku dey plant Igbo until he was bursted,Male,,af53bf52-b517-4347-adc6-07cf30c19025,,9f954a57e759d3ea8a5dbc5f43000deb7d72676cd78295fb20d9c58d71cfdc04
178,2pac-the-remix,2pac the remix,2pac is alive in him. his style is exactly the same. upcoming artist,Male,,9993e5ec-2f31-485c-9c6d-f780c078ae56,,f8ffa24b79da0d1dda8c9dbb6e29ad749b53ce468a509d8bf4edf66a1fa63e14
179,tope-the-influencer,tope the influencer,tope is a famous influencer. loved by his followers which keep growing everyday,Female,,3b3e1f66-922b-4f87-8cdb-0d09fc143182,,6d1cdf53768c8b86c946d9914e0aeddde886cdc0759691627a0eea01de8959ba
180,gabby-the-evangelist,gabby the evangelist,evangelist Gabby	 blending gospel with comedy. he's going places,Male,,ac721b71-cbc5-425c-851f-ee826973f0b9,,64bb4e994f75b03c47c6a91c52736689be934fcbe68d29307747e5070d19fdf7
TEAM CRANKSHAFT,,,,,,,,d897a933ba60526eb71a3ba0424caf9a899086258e4de95a555ba6c1fd08fbd8
181,beauty-of-town,beauty of town,She is the most beautiful in the neighbourhood,Female,,7241a1be-59da-11ed-9b6a-0242ac120002,,c7fca7f3804d11308d035c400a83982765709cd28a12d1e88bf1547637d4c8cf
182,lola-babe,lola babe,Looking hot as always,Female,,7241a664-59da-11ed-9b6a-0242ac120002,,6c2702673d280b9e5db8000a0646cd2e0927774699067556e0ec6db8a4b24166
183,cardy_h-sharp-babe,cardy h sharp babe,Cardy is the sharpest amongst her friends,Female,,7241a7c2-59da-11ed-9b6a-0242ac120002,,0944f6c29e71b92401773807e8174b65c7f97cd109f579e36a3b20b59cd82d45
184,bella-the-baller,bella the baller,Baller for Life,Female,,7241ad26-59da-11ed-9b6a-0242ac120002,,30e59d5b500d997a6f83ffe976311cf7689e9a33fb48f518c07ebb9cb3a172df
185,milly-of-roses,milly of roses,Her lips so red like a rose,Female,,7241af92-59da-11ed-9b6a-0242ac120002,,d0e4e3accbe7d9f43d0075ec92b5c4dc6affa197c005dc729a5696790cad5d28
186,Preciousjada-the-viper,Preciousjada the viper,Her words stings likes a viper,Female,,7241b12c-59da-11ed-9b6a-0242ac120002,,f646c51e61805c3327f979a5efbf58c9e6dc8415630da541cb1b0509b680a61d
187,lolly-of-NY,lolly of NY,Most popular in NY,Female,,7241b2ee-59da-11ed-9b6a-0242ac120002,,f87aa3deee83e35d252ae9aaf2118f422f011de8fd635771f3f92b95534b5825
188,Disy-the-dancer,Disy the dancer,Dances her way into any show,Female,,7241b4c4-59da-11ed-9b6a-0242ac120002,,fe8afff52c091284819f23004120f655a3825acf84e47f5d43281e7bd7c4f798
189,Jenny-the-great,Jenny the great,The greatest of our time,Female,,7241b852-59da-11ed-9b6a-0242ac120002,,448b171d54d64bf954baa0a7649653906e78f5a60686b7cb079c90dc92fa4575
190,lolly-the-pop,lolly the pop,Seeing lolly makes me pop,Female,,7241ba00-59da-11ed-9b6a-0242ac120002,,59f4dcced96ec8217a9dad58cc656778ae691c800a23fd2f70d25e2940154e8c
191,disy-the-queen,disy the queen,The queen in her own space,Female,,7241bda2-59da-11ed-9b6a-0242ac120002,,e54b09b7334c54ceed55ce669303ed9fe480b65bdaed6ac93e8ebf078a14e23f
192,JennyP-of-Lagos,JennyP of Lagos,A well known celebrity in Lagos,Female,,7241bf1e-59da-11ed-9b6a-0242ac120002,,5e355b3af359c803d2c4e7faa2f57db266649f1677e802d2266dd1375b443b9f
193,Jada-of-life,Jada of life,Her business signature,Female,,7241c202-59da-11ed-9b6a-0242ac120002,,41bd8d41f9786ce4ddc255d78ff60c4e3b3451831eb450e877185e78b9c774ee
194,Sandy-the-rapper,Sandy the rapper,She just loves to rap,Female,,7241c342-59da-11ed-9b6a-0242ac120002,,8e774e2d6f0954dca6c92f8f1916c1cb0fb0a398c927a2ccc126603a6651181d
195,Dahila-the-genius,Dahila the genius,The genius in the family,Female,,7241c4fa-59da-11ed-9b6a-0242ac120002,,506d0d1643da785612a67d483f36c1a775e82f2366c0c43d5cf31cd0222f6f30
196,Rosemary-of-Yaba,Rosemary of Yaba,She has a cloth store in Yaba,Female,,7241c61c-59da-11ed-9b6a-0242ac120002,,db00a15d36562bc7c4eb8bc57d075d6af67433e673b040500ed24983eea54f2c
197,Jennifer-of -island,Jennifer of island,She goes on vacation to the island,Female,,7241ca18-59da-11ed-9b6a-0242ac120002,,fa54f3758197cf0683844fe8b65aafcb1e2d231cdf71adf98489da94ee9df359
198,Opeyemi-of-lekki,Opeyemi of lekki,Opeyemi lives in lekki,Female,,7241c8e2-59da-11ed-9b6a-0242ac120002,,9c3c5f39d609adccbc73a5a2f9b364788b1ba5f5e4a1fb12638f5afec0524904
199,Vicky-the-artist,Vicky the artist,Brings life into what she draws,Female,,7241cb3a-59da-11ed-9b6a-0242ac120002,,f66e8873bf15523179fb76b558065cef9956f0814def8b5b0a13f5f61660648d
200,Afrogirl-sailor,Afrogirl sailor,She loves to sail the ocean,Female,,7241cc66-59da-11ed-9b6a-0242ac120002,,c44a39ba48935ba0db9343ff3b203e9dc06407ed4d80c037d3cf11d3c7bd6265
TEAM GEAR,,,,,,,,684560f90b131d943b4bc459ae6326f2c8a206f9c5b07816e5b03037653264a3
201,,,,,,,,a91fb2500541c51c235240d1ff784ea01a1f6655be962e777c00a1575e6ccbdd
202,,,,,,,,afb3b7f091a17f291c708a6f08a865645f3c0f1087fb9551756ea1e831ff8f5c
203,,,,,,,,b6485f5487b78d405eecde415f15d5240dc5474cc20265dcdcd538ff9280c7af
204,,,,,,,,0ea6a2adea57a2d9522eb633a4e4c04b2264dbd6d061468ee6dbd99072b9a69f
205,,,,,,,,3054596c6d144c2f004f7fff519b8d6fcbef15432833f5b9af617aa880cc71d2
206,,,,,,,,5043d7b3f38b6ab3c769634bb1ab564037e41532fc4678246c0cda69d74c479b
207,,,,,,,,0e34004ce9dc8fab6e329fb4b3b1f891207b225679210281a3b95475b5677072
208,,,,,,,,a1dd4eb7e161e346970e718a9ff60e8fc51f5c5e21281f48d239fd1697b61e13
209,,,,,,,,e2fec73da47088f5440dcae1c0790d69d8ae425f3fc4294fffed34e64edc7fbc
210,,,,,,,,3fbc280c6c5fbae2c2a10495ad82d1fc97550d7423add2ebf60c860341adcc45
211,,,,,,,,2fd01cf6e7c4bd17af351d0e8869902419ccd91bcd9cc81c8c10bb6e5047168e
212,,,,,,,,1566bff0ab26f497d018f58216af5b6811856c6e7ac55b3563e8b81e73e61bcf
213,,,,,,,,33134f43360e4091a4c1e11ece72a333839c8e8f6a44e0757b2f8b0979a3fa2d
214,,,,,,,,4f544e21cdf73d98632018316f8e5f40aca5ca762644b0ae55680ccf77bdf201
215,,,,,,,,0c41b071697aca51718990249d9adcaa260e16ff5424ac14dffd588dba4737de
216,,,,,,,,d230b6ceeb7a359720b92e1479a658bf28daf3f084c68a4554613da1c8789cf6
217,,,,,,,,ec7329e1f1c91e8f3b46aff3c00559d56294359c82680821c9badf1473ec4bc3
218,,,,,,,,6b744259929b1a513ed9ba4c632483a3bdf8501f3f2c2b29ce11fe59deb06dc0
219,,,,,,,,31d8d5c51ecc85b79fa0176526cc21d2b108666768bb8470c5d55a38c9dc5203
220,,,,,,,,4b295e68847adcc32df9068c13516eecc5dcc7168f64e73ca5092ce217b7103d
TEAM TAPE,,,,,,,,29e450a75be79d6eacf33cdacd13cfd5234117688c68a20749bc590b57118f4e
221,hng-newbie,hng newbie,A confused hng participant that cannot understand her project,Female,,0ddbd22c-b3bb-4c72-9f51-0361480bbfa7,,e04eb56220bc4e9630d979bdeccfb7758fb4627f26d7e702bdf43433bacb6c03
222,nene-caroline,nene caroline,A housewife that loves taking care of her family,Female,,4ce5bcf3-d4ed-4277-8187-cb1797c1ac7e,,4fdaf76470d3a358336c0e2b086d876b7fd6bbca54e7391279e834e2c3b72ac8
223,wazo-partystopper,wazo partystopper,A Nigerian aunty that loves to attend owambe parties,Female,,77237cce-bae0-4d60-adad-27055f0eed39,,5b3a8f0632d3638e3c666d27a2b15591e2c9a41b8080311a880f0f58658797e7
224,melanin-janet,melanin janet,A young lady with a soft personality,Female,,a5a2854e-a850-4b15-b3c3-176a79b2d34b,,4f5da0adcd3db1f86d9084078ae52cb75c34c1f942666eb48aeeb344f43b048b
225,leo-sugarmummy,leo sugarmummy,A middle age wild yankee returnee,Female,,7ec03993-f500-4a41-aa3c-a73df7a0fbed,,c5052ac57379e610aef6851c6909c6aa361469dd7b49f3ee4a7abfed65d2588d
226,novice-joane,novice joane,A princess worried about finding true love,Female,,a5d49163-41b1-43fe-ad7f-0c78ef530b1a,,1f66c633e07dd0fd87e208c634ac8006afb6e23e9c7c9935c5540e4ca41c3167
227,goofy-simbi,goofy simbi,An eccentric teenager that loves music,Female,,df7dc588-f99c-4592-84f6-08b40047d9d1,,1f6ed8ffe8922cd96890feb05633216ebe628c6e15f87e43e37896daf0bdeed4
228,akwaaba-ghana,akwaaba ghana,A depressed gothic introvert,Female,,d1e8b38b-994b-487c-890b-9034d3ab7dcb,,4c4b45dd9558a90ec73ea5581a0738b20793b13ed4d0728a7a773f1812d6230d
229,aunty-toyin,aunty toyin,An oversabi family member,Female,,1326ef4b-224a-497e-9452-e63a4486e387,,64ae4fec21edf289e8b534aee1134f42f15a81a0617bfd9a4d5be8f08b8fd816
230,pretty-hauwa,pretty hauwa,A young bride involved in an early marriage,Female,,7c771f82-a512-403c-91b9-6736318a8796,,7b2d15839f6e057ccf1461fb7f48df96af788cfd77cd33a52834341f6e73b401
231,chimamanda-enugu,chimamanda enugu,a young lady born during the war,Female,,eaad5c98-3f85-4480-9c4e-b73340cfba4f,,df9a9a51e6318b17d5dd5ad4793f51c619e3ccac963806174b9dc5c988dfca89
232,kente-solape,kente solape,a respectful and diligent princess,Female,,613ce65c-4b16-43f8-a0d9-b5ea8c5f2195,,162a5db7420e5aacf654598068e9afeb27cc4c9f5d1a1d4b217b9b4a574bea39
233,vamp-karishika,vamp karishika,Queen of the darkness,Female,,c4ee8a54-0874-4a7f-8344-dea8ba41f5dc,,2b740f7313cfa344fd5370e77e75f7f26b1561ee0612ba1fd1e96adbf1cb6253
234,genz-monique,genz monique,A sassy lady with her own vibe,Female,,b5328f13-b918-4e76-8d4c-8b4aec5eb5fe,,dbfe8f67cbd6d458aec444e1578d9fabb0ee539e1939689d7f72fd3db066bb96
235,femi-boltz,femi boltz,A driver hustling his way through life,Male,,03e8d36d-5bdc-4da4-8f64-c1738eb9d1db,,27bc42ffaeb55a3afe84e563e01137c3c8cfce33a40b3def915ea9dd706f0afd
236,agba-tech,agba tech,A tech bro that loves to party but has bad communication skill,Male,,403f28a0-6aa7-4f80-997f-b0982c169baa,,5486de7389df8e8e549c788ca4b132f4fbfd01e5957d1730b3face43fb4068ba
237,brian-richkid,brian richkid,A trust fund baby that does not know how to manage money,Male,,9d945d79-dd2d-4755-b9c7-bff837be8557,,b802d81aefe0a64e05ac38810bb432dd31e8e8cf0c59b19337a9761f94686243
238,nandi-zulu,nandi zulu,A fierce African Queen,Female,,09702bc0-d10c-48d3-a1e9-2aaa4e9f3f39,,cf42e3d29c47fdfc6b3bb23ac1698b38934887238e612e0ddeb709accaa4e1d7
239,ade-demon,ade demon,A lekki playboy that makes money from crypto,Male,,0be2d50b-3e57-4e39-a199-b211d2be860c,,ab64a8c95e8e47af358d94e2dd891885e3c458dd9c746de9b0775229d1712e3e
240,karim-rapper,karim rapper,A young and proud Lagos rapper,Male,,169b58f8-b84a-4ab3-a4b6-d1c5b36aa1d3,,5c96960c7b018cd1f2054a4da177a2c7c080b6308ed42f5bafcd4dfc96f62fa8
TEAM AXLE,,,,,,,,c262ae6418cb88c75e1afde5babea53aad9850b7dd37b4b8cc4475d1ca2524fd
241,bobo-alinco,bobo alinco,Alinco always in the mood for play,male,hair colour: dark brown,ede853c4-5abd-11ed-9b6a-0242ac120002,,7a7701622da721e9d84fdc429f88dcad59ec4c91cbd5312ab522059421537d71
242,chi-lastborn,chi lastborn,Baby of the house	 the lastborn of an average Nigerian family,female,,ede85964-5abd-11ed-9b6a-0242ac120002,,9165da8e875584075c096814fb947acd9c9eed39065f3e2a9c7cd4ae77477bab
243,uju-robo-robo,uju robo robo,An aso-oke business woman at balogun market,female,accessories: ankara beret	,ede85f90-5abd-11ed-9b6a-0242ac120002,,2276c5909ad5e6cf214ec8eca7abb5a93d434e919fe6c78b530fcba2887fa5a8
244,yetunde-anifowose,yetunde anifowose,Old money lady who was in UK before UK was UK,female,accessories: tobaco pipe	,ede861b6-5abd-11ed-9b6a-0242ac120002,,3fe0d84fb8a03089ccd552baea9adbc3f320d405f3a4d081a2f3d002686b6e01
245,dumebi-jjc,dumebi jjc,Innocent 100 level girl wey never spoil,female,,ede865da-5abd-11ed-9b6a-0242ac120002,,d9df1ed09da77881d0502424f969eeba7e20e65c3f6aaffdf7e3d0e6d5f4fbe1
246,ukwu-nengi,ukwu nengi,Well endowed woman who will always make heads turn,female,,ede86800-5abd-11ed-9b6a-0242ac120002,,157396f00b41703d90aeb282bff12901db6778d2a96d0c39935e3f0ee35a36f6
247,nonso-malay,nonso malay,Man on the move. It is either ego	 or money my bloder,male,,ede86a12-5abd-11ed-9b6a-0242ac120002,,c67c56316c8e768368384d3cc9c21d2f7a8c6e5a7238084a9d0ffabff9e77e29
248,saro-texaco,saro texaco,An oil tycoon who dominates,male,accessories: cap,ede86c2e-5abd-11ed-9b6a-0242ac120002,,f107094cbce3ad51a059f1cdc22e8f42def102c5b07bfaa467c0d29168dfda45
249,akpos-agbero,akpos agbero,A Warri boy always in the mood for violence,male,accessories: cap,ede86e22-5abd-11ed-9b6a-0242ac120002,,da751efb9bb2f99231b474f22c64cdde9740b46960a18d262ae6ed5016c22316
250,kasali-danfo,kasali danfo,A danfo driver popular for his positive outlook of life,male,accessories: cap,ede86fbc-5abd-11ed-9b6a-0242ac120002,,91406fe965e89e1d7b043abbf2f37aa177005fa0e383b90103b7024a9e3b0523
251,osaz-benz,osaz benz,an Internet fraudster who hails from Edo state,male,teeth: gold,ede87fca-5abd-11ed-9b6a-0242ac120002,,f2771be3f458703ea5ed1c494d9a961da4f2625221a9344b54613102efa7a1c9
252,kareem-kasanova,kareem kasanova,Abuja big boy who knows he can get any lady he wants,male,accessories : cap,ede8820e-5abd-11ed-9b6a-0242ac120002,,0cf848ff4b7e16c5921ed02dddb94c6b3e8e411e5ab0efefbf9842008e68eaf8
253,mayor-of-uyo,mayor of uyo,Essien is a top Lagos businessman who hails from Uyo,male,accessories: cap,ede883c6-5abd-11ed-9b6a-0242ac120002,,a7d0c166e8f3b13768c5ad9b2df845241770445f62920c3124a34ed6e42f4219
254,chinedu-china,chinedu china,An Nnewi blooded spareparts importer and exporter with goods from china,male,accessories: cap,ede885f6-5abd-11ed-9b6a-0242ac120002,,6da047951dd56569c22c44b7870b040f6043d904bc34763435427e09de272591
255,papa-ekene,papa ekene,The oldest man of the Akwauzu clan,male,accessories: cap,ede88808-5abd-11ed-9b6a-0242ac120002,,1824b584d81e78b672e9f5e15b636c074f6de373b78b02bbf118769fffca251a
256,ogbeni-rauf,ogbeni rauf,Minister of enjoyment for Freedom state,male,teeth: gold	 accessories: cap,ede889fc-5abd-11ed-9b6a-0242ac120002,,978a6647ed27e74d183b70fb8f9cea2aedbf5a8f371e73c0bb8a41dba8ab03fd
257,koffi-banku,koffi banku,E be Charlie wey no dey use en stomach play,male,,ede88c2c-5abd-11ed-9b6a-0242ac120002,,004116b49e0f3bd9d4667a9bc04fcf2a6fc191fd0772f282b963b13f5f5462c4
258,alhaji-bello,alhaji bello,Rich hausa business mongul controlling half of cow production in Nigeria,male,teeth: gold accessories: cap,ede88efc-5abd-11ed-9b6a-0242ac120002,,1e737b9d776f3f941a46cb16a2b2a7c36d394f8ee713b59b908b0e1dfdcf0260
259,toju-mafejopami,toju mafejopami,Toju is a street hustler wey no like stress,male,teeth: gold	 accessories: cap,ede895d2-5abd-11ed-9b6a-0242ac120002,,2c53edd1814a9295b847c2cbe1e84d0033a1930c697b2a03c7a699400756cfff
260,femi-maserati,femi maserati,Rich kid who resides in lekki	 known by everybody because he drives a Maserati,male,accessories: cap,ede89802-5abd-11ed-9b6a-0242ac120002,,597a2bb3847aa55e9e39a3866491eab873aadef798ea7c6c89ef42993da1502a
TEAM POWERDRILL,,,,,,,,2f1a2b844969d1f2c410876873dfab05ff1575ff86e588c055ebe0bad384b9e3
261,Paul-the-comedian,Paul the comedian,Paul trying hard to make everyone laugh so hard and fall off the chair,Male,hair:bald	 strengths: calculative	 weakness: public speaking,f8112915-64ca-41e5-9ca4-5b60c47d7a01,,9d083e414aaa024f685f770ec8d4289046da337ee8594fadce781f01eb1fb77e
262,Amina-lagos-housewife,Amina lagos housewife,Amina is always showing the rich housewife vibes,Female,Cap	 Eye glasses	 face mask	 none,5612f542-d85e-4a2c-8661-20553dfd07bf,,6da4db085d681e8ab265d27daaef45983a42b09ba2631e0cc566bc327e855078
263,Kiekie-the-asoebibella,Kiekie the asoebibella,Kiekie is classfied as the life of the party,Female,,097014d5-0ef3-46f5-9a9b-5c01f70114b3,,e679734ac47586a676e098ad68d8642ad578692752d07cee5e4323206f864983
264,Kunle-the-hunter,Kunle the hunter,Kunle goes for the best and hits all his targets at bull's eye,Male,,b0310fc2-4bed-48e5-abfc-566c964786d7,,731c4cc2b53d8acb89fbb367c69364665b85699b12783ed533a8eae1f6af8bb7
265,Amara-the-hairstylist,Amara the hairstylist,Amara is truly your one stop shop for all your hair & beauty needs.,Female,,412345b9-7e04-4102-af7c-5458721ac64d,,f445c6f8f25b1e01ad0feff9aae55660879eb02f65d76c757dbe9a691f5d7762
266,Mary-nail-technician,Mary nail technician,Mary makes magic with her press-on nails,Female,,17ea9c3b-c90f-4023-84d6-d563c098b030,,6a8386fd16e4057307239097e656f45d7748c925e4d24a77569c8c5f9513f257
267,Odogwu-oil-contractor,Odogwu oil contractor,From Malaysia to Kaduna	 Odogwu's oil is known.,Male,,b503bbfb-f972-4d4a-9352-e9dfe6671d36,,a341602f24611d0dddec7309108771e94c185db19b5b736fb3161416b23f55cd
268,Simisola-the-kenteprincess,Simisola the kenteprincess,Simisola rocks kente even in swim outfits,Female,,45843017-b421-4413-8e35-7a6ef073f2b9,,90c6a08d4e79820c77d74aa52ddbb266e71bad4c3bda7e5f2ac02b7edadb9024
269,Mariam-beauty-queen,Mariam beauty queen,Beauty is a fairy tale where Mariam appears.,Female,,b7d96d97-84c2-485f-b60e-e4e86c4d3b34,,2845ff350563c8b7f6387e29396e90e306025960ba606cfccfd3f1e54b194fec
270,Obinna-the-musician,Obinna the musician,Obinna might never be an a-list artist,Male,,afdb0299-327c-46b2-9262-faf90f0fcd12,,96fddfce22ff396da1f7dd04d2fa367072aad2bdd311f743e5721cdf577b8742
271,Sandra-the-shybaby,Sandra the shybaby,Sandra is too shy at parties,Female,,bfed40a8-74f7-4ada-ae18-975130247efa,,c35276a02bc55177e3a4f262f37e80bf457d4b6f1bf0a8b71d02099016ee12b1
272,Chiamaka-the-dancer,Chiamaka the dancer,Chiamaka dances so well and earned the Guinness world record.,Female,,43c49497-8d7b-42ef-bb29-769f6c3b0ada,,33ca23e4673d62edbc5db6a07ad678eea24e6721e5ccc080a0d1f6d4ad384430
273,Mensah-fashion-icon,Mensah fashion icon,Mensah outfits are always giving us Christopher Hemsworth vibes.,Male,,87ada09b-38ac-475c-8d46-18680c2dc795,,6218a8f1505f1e2cbd8333977f04077e84f6a2c86cae3e55c5d6512703d32064
274,Lucy-the-fumigator,Lucy the fumigator,Lucy is nicknamed the pest hilter,Female,,c7269d44-aab3-41e7-a54f-18a14f575a6b,,2ef2d28bc0ae1845af34721d27151e6ce059ab62b6b1cb14bbfdee6c0dac2877
275,Nneka-wedding-planner,Nneka wedding planner,Nneka plans the best weddings with great details.,Female,,31ac6b7a-e378-4dc3-999d-b9e8d8473f99,,36cb41d8118dbfa0d113e1f25d8fa31e25b96830555eac9dff3592c08368e6c7
276,Shakira-the-gangster,Shakira the gangster,Shakira is the most feared criminal.,Female,,dbdc1351-aa07-46e2-935f-2db071b1b23d,,66f63f3771bc12e1a2a05c20f3c34be3cabe3a00c16b7e2162c77b204f2951a0
277,Lola-afropopping-princess,Lola afropopping princess,Lola licks lollipops like an afropop queen,Female,,2f5cadae-e423-4478-8220-37b3ac144169,,121b92531f2b9ebeaaa67ed14bd45c9ec560f1a6b6bfffbcc39dda64b8501c89
278,Sharon-walking-dead,Sharon walking dead,When tired Sharon walks like the dead,Female,,1fc37341-7dd1-480c-a01b-a63bee0a2230,,7ffa06d129420057b82e75448f60a99c5f8b4b060b5d3fe73c3a86f81ee16047
279,Olivia-great-teacher,Olivia great teacher,Students enjoys Olivia's classes,Female,,cfc4419e-bd46-40f6-9654-632ac1138ff1,,e69db34af8c9af88b1a122338f585c130e3e7dfb2fed37258712d744d23d510f
280,Nicole-sleep-warrior,Nicole sleep warrior,Nicole holds the sleep award in our community	 she wouldn't wake up at the sound of a detonated nuclear bomb.,Female,,710ae821-4603-4124-bd60-a33b515b3b8d,,c37e0c13f6f0c524afa689d594c239cec95cfa624b3db4ba90ca9863a56584a0
TEAM HYDRAULICS,,,,,,,,1dd47b7b689aa898d35bb9ab205f2f07619d0718e63461259111c8ff968b3303
281,Busola-the-shakara,Busola the shakara,She is a fashion icon that loves luxurious items.,Female,,ec4a855a-5ceb-4f1b-bbd7-a995aa45e875,,1b6baab6842c53006883b333bc63bd430da8a4280f10cfced7237a93b8aeb4f8
282,Bella-the-artist,Bella the artist,A lady that host a fashion week show,Female,,48772412-dacb-4984-9e82-8d24fe101265,,84201bd6624e175f199f1cc23538161742ed0839e684b6da97e32e3f3bedabe8
283,Queen-the-extrovert,Queen the extrovert,A woman who enjoys being high all the time,Female,,1712532a-20d9-4ccb-8582-bffd76c9fb67,,e9a7da23d23fddd245f4c0da1e90487c907c0d2aed3a5e81b580c860ed3b712d
284,Mary-toxic-lady,Mary toxic lady,A lady who's toxic around people,Female,,bc31af8d-c45d-4797-adfc-596fb22e4e3a,,85e086d93e7d4a8f5f6e670f72dff616185aef4784ac89d9027b40581876cdf5
285,Elizabeth-the-richkid,Elizabeth the richkid,A university undergraduate from a rich background,Male,,21fad782-1b6f-4c2d-b157-9fdb9355c876,,4937af8efdd1e5c9e42e5a2d028a4ee5d182585fa0e95dcb8aa90b29bbbaade9
286,Larry-the-westerner,Larry the westerner,A Yoruba Man who smokes his pipe in peace,Male,,d4984fa6-dabf-409f-839f-76742ec71500,,585d199e477603cf43f7103bf816b1e40799cca8bf9c8dbc72980dd5fc4abd33
287,Danjuma-the-shocked,Danjuma the shocked,A pensioneer who got told his bank is on distress,Male,,0187ca7f-f3b1-42ae-9e17-c46d58617608,,cf4170be6f75fc0bbe3ffe2bbb537197cfb4790553f9ade1eef1e50df79dd8e4
288,Yomi-the-fashionista,Yomi the fashionista,Winner of the Lagos GT Bank fashion week.,Male,,16d256ba-dc4e-4559-ae41-59779f351ad3,,3ac21c6f5a00e1a229c06926d64bed79bd847ac00d847fa9cafedf5cbf84c0ce
289,Ibu-the-importer,Ibu the importer,A rich igbo trader who imports goods in onitsha market,Male,,d3edc876-3f2f-4699-a376-0787bb06c5d5,,713539602aa53db332aae2ce4af5d00a669c1147ca1f4da01f9e0ab233a574a5
290,Massa-the-ghanian,Massa the ghanian,A rich Ghanian trader.,Male,,9a9a5fbd-7a3c-469c-95f2-50303c2e9fc8,,08ac92df5f30c9e69b172d9394534afb6e12522ea1c1968bd016b67fe6f6fdb7
291,James-the-musician,James the musician,A yoruba juju artist,Male,,0d4ad447-3836-47cd-8387-066b200cda01,,e8a45f07abbc363c55cfc7dd40e1b92f878375cb426c79c17bb53f4f00381c32
292,Gbenga-titled-man,Gbenga titled man,A yoruba chief who is also a car dealer,Male,,dc6c1a39-ec78-44ca-8296-68c6de7b5de4,,6cf1735f038dd009493ad3fd4ffba89da40a9c7d924b43d8ed636a28b941cc37
293,Abaga-the-rapper,Abaga the rapper,A flashy millionaire and a music rapper,Male,,c428411c-5a06-4b74-bd17-e53b76f9fc6c,,e3ccbcc4111c734f79e75d3271424f019418743cf69d20c84118a54c0d46ed6a
294,Izuchukwu-the-fisherman,Izuchukwu the fisherman,A fisherman who knows how to paddle well,Male,,15e1caf2-06b3-45d8-9b35-f95965b64e34,,83d7e3ea708fe2da06b712c3acb3c6b3eac3100a541a3891d1fb189e305de966
295,Mark-the-philanthropist,Mark the philanthropist,A London based philantropist.,Male,,b48cbd98-96c2-4ec4-9d17-2c798be5b90f,,25ae3517147153029e8d501283da2777b96fee4b5fea6a12a2ace4319da8f0b2
296,Desmond-the-politician,Desmond the politician,A young politician who just became a minister,Male,,c52d4fbb-622b-4e2b-85a9-1a1d0f3d97d6,,1ac8a298eb69dd570aadd2446d153c9d6b5f3a1dd85acb85d75fd080d21ccc4f
297,Okoro-the-bachelor,Okoro the bachelor,A local palm wine tapper with hopes and dreams,Male,,e441439d-49a3-41eb-bf9d-3c7f98c268bf,,f665187878b25f055f012a6da23d7a679898babf3bd9760aff0f13ce7bab17f0
298,Saro-the-clothemaker,Saro the clothemaker,The yoruba man that stole the king's wife.,Male,,7e10af4e-1252-4f96-83a8-78411e152bae,,222b731dfd031020457880c5a033993a5d2d7835d2d138404af69a6730017323
299,Kalu-the-ichie,Kalu the ichie,A man of wealth with afluence spreading all over the east,Male,,482ab247-73a4-4ff8-9172-732f3d0729b8,,ab751f0b51fd17f2186f27154ab99b185eb846d10914e5480390bf946f764aad
300,Tamuno-the-prince,Tamuno the prince,An Ijaw prince who is also the heir to the throne,Male,,108447d1-f2d5-4816-8ebb-599286c3fabf,,5b66d770ff92094d2abb62f23b23f7f17ec2980f8f38382986debbfdd646e5f4
TEAM SCALE,,,,,,,,24b95c62f26fce381193fedf809b6065a039390b170b1abb22d2fd0b044c8c48
301,wendy-the -banker,wendy the  banker,Wendy loves working in the bank	 as she gets to meet different people.,Female,,587645e2-5ace-11ed-9b6a-0242ac120002,,527823abb3df7a07dff40083f2ea61ef5780f88e7d8784cbce0453d97651031e
302,uduak-the -dark horse,uduak the dark horse,Uduak looks innocent and has the whole apartment bugged,Female,,58764862-5ace-11ed-9b6a-0242ac120002,,74b9dc8ba8c9d1b11e24faf7b03ce9116f79926d25181f51d56e174cae6f6d09
303,timeyin-the -eccentic,timeyin the eccentic,Timeyin is as eccentric as they come with no care for others opinions,Female,,58764a2e-5ace-11ed-9b6a-0242ac120002,,516e5326d1112784e9017e0af4618117f74c7c6ae3c0d7711a490bf202602d74
304,omawunmi-the -businesswoman,omawunmi the businesswoman,Omawunmi is a no-nonsense woman with a shop in idumota,Female,,58764b78-5ace-11ed-9b6a-0242ac120002,,dbce9c744ddadc89de79e1c23f4b2965dc2db26613867e3629e42c4159452268
305,halima-the-housewife,halima the housewife,Halima loves to bake and cook for her children,Female,,58764d8a-5ace-11ed-9b6a-0242ac120002,,901802882999f0cf221b8af1693384a007f4a5fd661c46e3e6fd37c9c754deaa
306,muna-the -block sister,muna the block sister,Muna loves to tell everyone in the block about her younger escapades,Female,,58764ea2-5ace-11ed-9b6a-0242ac120002,,ea512050eba8b430b15429f6b88709be3128df634e7aa019fb52f4bd2131267c
307,stella-the -gossip,stella the gossip,Nobody gossips on the block like stella when smoking.,Female,,58764fd8-5ace-11ed-9b6a-0242ac120002,,d17fff908121b3fd6b255f2656fa1e27df6656c34c546d77e2920c4328e8b41c
308,agbani-the-wannabe,agbani the wannabe,Agbani loves to shop antique ndecorations for her mansion in idi-iroko,Female,,5876542e-5ace-11ed-9b6a-0242ac120002,,5ef2b1b089d653ab8ba584bf2b23e3c0cf5f214bd5a8dc3080acab36310a7895
309,asante-the -warrior,asante the warrior,Asante came from along line of warriors in Ghana,Female,,58765578-5ace-11ed-9b6a-0242ac120002,,fbe055cc15144303a9cc125d70610bd09621ce7cb21d0f4bc7a1c6eb68cd4578
310,hilda-the -insomaniac,hilda the insomaniac,Hilda prefers to sleep during the day,Female,,5876569a-5ace-11ed-9b6a-0242ac120002,,cd205a913cf9bf695345a012fe6cdd30ac8bc1bb6c147a81d9effc214fe1ec9a
311,sisi yemi-the -street aunty,sisi yemi the street aunty,Sisi Yemi is everyone's favourite street aunty.,Female,,587657a8-5ace-11ed-9b6a-0242ac120002,,2ffbbf53c6150b05a205bcfb6e5e17b61c193f7d9f4c9c99eb09a55158306c74
312,chiamaka-the -bully,chiamaka the bully,Chiamaka hates people in her business and likes to scare the kids on the block,Female,,587658ca-5ace-11ed-9b6a-0242ac120002,,367fe8ed0bef001e941a7bffbb250709f5dc1394b8aadce61ab9d337ad725287
313,gift-the-fashionista,gift the fashionista,Gift has always been bold and that spreads to her fashion sense too.,Female,,58765adc-5ace-11ed-9b6a-0242ac120002,,fc6fb424d42848aa5856f9abab3318077e4e80afeed41ee9b5763c431a3be247
314,omoyene-the-weirdo,omoyene the weirdo,Omoyene likes to murmur to herself and talks about seeing ghosts,Female,,58765bea-5ace-11ed-9b6a-0242ac120002,,c1b5b9bb7444457ad0b227bb554ef59143255507968ce12f1f0deaf1105067e2
315,maria-the -freshface,maria the freshface,Maria likes to believe the world is sunshine and rainbows while blowing gum,Female,,58765d02-5ace-11ed-9b6a-0242ac120002,,b370e5790ded3345a02eedcc15fad844a7ce29e891cb5c28cf24694fd30f9ccf
316,monica-the -smoker,monica the smoker,Monica is never found without a pipe and loves to interject in every conversation,Female,,58765e24-5ace-11ed-9b6a-0242ac120002,,dd20128bcb0d3210320e9bdd34c6a939eb7e5841c4d6d2d687877b731dcf5bed
317,,,,,,,,2b05de30a410879e52f25bc2469c9bcb69c31ed802970e35b0aa82c8f48576f7
318,,,,,,,,e42077efd7ce4290da6405a2eff7ecb775d15dc6ffe9838ffa60e86c522afb0b
319,,,,,,,,970ac001894ad354ff28fd6566abb1427ffb3024d484f1beb779ed3825ff154c
320,,,,,,,,3e293609fa936467843fd980f27823581c4e926fd370c321dbbf4d1028d61524
TEAM SANDPAPER,,,,,,,,28604e33a6071db80a84e00e4362366d315e1e368d1aee6a21a661dfe3342dd0
321,Omunyinyi-the-stoic,omunyinyi the stoic,omunyinyi wears a Kitenge coat,male,,c2d6a3ac-1d4d-4268-ba7f-4f0f8f50c1ab,,0e12b04eaf64bae1fd2afd3fef64d0cecce73effa10752e9441d6c450abf0afd
322,Kamau-the-sleeper,kamau the sleeper,closed eyes meditating,male,,20330f5c-40c2-4f6a-b9d8-d1d04fb97daf,,8d6e423ba4c3bfdf442d55dcc416aa7d6ad0c8cd58e07be8838d269304d0437a
323,Mutiso-the-lastborn,mutiso the lastborn,masked up mutiso dozing off,male,,0706c338-42eb-4d26-84ea-c24b39628200,,a9b8409c5f53dd517460cbef625db3a67e1c23552c0143b5a164a47314981683
324,Omondi-the-vegeterian,omondi the vegeterian,omondi wears a green coat,male,,bfb5e8d5-d7a7-4aa8-85e8-d7d9afd4adb3,,da46a408f6d2b29fe3531910ed3b1d1d0501cf2cf7108612ba4c363bfd016b21
325,Barasa-the-optimist,barasa the optimist,looks up to the sky and makes a wish,male,,2da4bef4-38cc-4414-99ad-7361fac04b2b,,7aed262e1233a4ddd3fb1cba265c3c887b38de0aa1e8b056ec40d6d6395f214f
326,Mwembu-the-elder,mwembu the elder,old but not so old	 with yellow his favorite color,male,,36181230-6ac9-417f-af5c-23bdd2c25ecb,,853e753bf74508416d898208aeb391b00e127dbeff94bd95aff1e508caa0960d
327,Mbogi-the-fighter,mbogi the fighter,masked up mbogi after capture,male,,3a7bc3c4-1463-42ce-84c9-07337da64435,,cf35875d1d5daad86052788845337430e1ab160b15112e2d4136def82cf4cfbe
328,Mrosho-the-runner,mrosho the runner,masked up mrosho,male,,b2ca2c76-3b6d-43f1-8cc9-089b6ab83876,,b0d0c3e77e77edd05df9fb02e1d0f6641a74bd838bf567c4fd6ea29dd98876e0
329,Milele-the-african,milele the african,milele with a nice african print in orange,male,,644b0259-d75c-456d-934c-ce7c052bad3a,,d2918e92c35c5750b927b8229207904c6008ac74436fc848f7e8eebd78ac1a2b
330,Olebon-the-oloibon,olebon the oloibon,olebon in customized buba sokoto,male,,de261efe-731d-461e-b2e4-42edd2f48f72,,0d50b7c7d155f3a41bb6a3383f6d4f4b769405b2469fde42e120111571a811ea
331,Chifu-the-maasai,chifu the maasai,clothing inspired by maasai shuka,male,,239933c4-7177-4b5b-86e8-e6f952301344,,56782a73b9f464b520ade12bf8e07f29bfc692717912af911af69a4f8602d2cb
332,Mwangaa-the-voice,mwangaa the voice,mwangaa the chief,male,,49179b62-812d-4d0f-b518-4af7fa79f8bc,,4d0fa930937aba0096f6287c5fd17858f89ca2db0ed32ff80688e9295e20898f
333,Waforte-the-first,waforte the first,masked up man who does sleep a lot,male,,871912a8-d96e-4594-b7b3-450d94ee6924,,d5b7064de4415cc597dd7aa8e2d38b4931d2bf04593b70c29d8dff789feb7288
334,Kariuki-the-prayerful-one,kariuki the prayerful one,kariuki closes his eyes,male,,6a5b6fa6-0f91-4b01-957f-c766945eb704,,fef6bd10d2501c86d9daeaa8d4f45ab2ccd67a756d598c072f40a68ecda467ed
335,Kenyanese-the-priest,kenyanese the priest,masked up man with with white cloth,male,,0706c338-42eb-4d26-84ea-c24b39628200,,6607c5e9d052dcc10dd76111064888b53a2251257d3ebb473508b3ffb230f8cc
336,Nyimbo-the-singer,nyimbo the singer,glasses and a pot for the night,female,,d05af807-b3e9-4ad3-8df1-b7864d2daa33,,5dced8b76de99caf840f36e8e6228edd3eeb0d9586ad715811483f2adb0b0763
337,maathai-the-nobel-winner,maathai the nobel winner,mathaai the warrior,female,,0871cb8c-8d56-445d-92c7-01793f327707,,7a09d8ea95f3cb481aded0daa6d5fb2865456feaeaa2843ff953ef5b5d3cc27a
338,Tish-the-angry-one,tish the angry one,angry tish with specs on,female,,750a89dc-44ff-43bf-8211-b7776f1b5e52,,a096c68bbf96b2e93f79302c7cc1be8559cce1e194e08c5a5db2228dacad3c46
339,Wamenza-the-winner,wamenza the winner,wamenza the leader,female,,7348c9ed-4ac9-4785-9434-0a1f0dcaf8d8,,3e8d2f8bc757cf9466701be619e7fd3c7164f17617c0f051adbee17502730065
340,Isaya-the-track-king,isaya the track king,isaya the traveller,male,,41781a16-d2b8-4fc6-a1f4-b9fffc5c95ba,,82fe5f882a9e0837075b81c311e6968b3c9a2d13cab9aa9fad456d4d06d0776c
TEAM RULER,,,,,,,,5248cc7a527f0310d681346dd5f59bfb9021fa0f0dcecc8d4534b74c57ad3b9a
341,mansur-the-partyrider,mansur the partyrider,Mansur is the life of a party and never caught dulling.,male,,78db0f29-3936-4d9c-bb90-3dbf20dba2dd,,f8acd05bfdbe515ceba310878dc65b26fff0f07af2e2edcaa27b1a7ae0249864
342,tola-the-businessman,tola the businessman,Tola loves business and owns several shops in idumota,female,,1c5d5a6b-cf04-4bf9-978e-22a7e9bc5819,,e61c415d663bbcc0d646e12b02ea4f7fe1dbb3af365c994f8be7745eaf60375d
343,abdullahi-the-honorable,abdullahi the honorable,Popularly called "buje budanu" a godfather who lavishes money on young thugs,male,,dd708276-445f-4483-8357-fc08e999328f,,26f11f593916acf7f644533b9c68129e1e3eafb49edf8fd4456fa4a783c0e055
344,ojukwu-the-badguy,ojukwu the badguy,Ojukwu likes to oppress and cause trouble,male,,76c1eabf-15ea-446a-8426-472982c4d800,,64199610a4446b61a70569c03de9bc6b1d70930720faac68068413fe1715ec47
345,odunsi-the-egbonadugbo,odunsi the egbonadugbo,Odunsi loves to advise and people in the community rely on him,male,,2912ab8b-5875-4277-a5c2-a0209aee90ae,,d30d469dc44a818ad33d3a42a57c173c5d843d801b32ec3784e1962aac3362e9
346,ogogo-the-sugardaddy,ogogo the sugardaddy,A rich oil magnate who loves to 'solve' young women's problems with his millions,male,,aa575f30-04ad-45f9-a798-199465117793,,e17ee5d1f2c3db70d7babdfdaffce845a9f3451d07fdfc6089e2b421845dbf91
347,suli-the-amalaseller,suli the amalaseller,Suli sells amala 	 she is very rude	 and they say thats the secret to her sweet food,female,,46fd4821-04dd-4f65-9290-c130a00c4c93,,4880786a73d98f4e66377c2e9aa372c1901a4f3650bdfe244473a6ba980fbd94
348,dolapo-the-afrocentric,dolapo the afrocentric,Dolapo loves african prints and loves to showcase culture,female,,cbab232b-5c62-4df8-867b-018a2e496cd4,,1269e8a27f78f463faca644d31fff133f6f7295d30f05980141b6b38719c899d
349,danjuma-the-saddist,danjuma-the-saddist,Danjuma is a grumpy man no one likes to associate with him,male,,5a42af57-186e-425b-b6b1-f72bda4911ef,,21bbc7d57088b247c39ed3a064b5a823bcb42e4cdad4a98dc8ce20a4823be92c
350,chinedu-the-farmer,chinedu the farmer,An hardworking farmer who has 6 boys who help out on the farm,male,,9e8a55d7-0d8d-465d-a628-08ddd387a2c6,,903dec95e7562c567023a78dcbf4129a03f7014ca466adb182c08ce24bf73b94
351,kola-the-baldguy,kola the baldguy,kola girls fall for his bald head and always barb it,male,,c32f1757-da9c-49e8-bd79-510a42b6971a,,4e69d8ee4229785f7ff490a9310a5ec15bf7561877e965c4d375fe10043d6cee
352,bola-the-bosslady,bola the bosslady,Bola commands boys and chill with men,female,,09ff910d-a2be-49d5-8b27-b9378458701c,,f626035ba669c2f3944d61251e2b34f9f0c75f940631ec7af0b3f20e1b526c60
353,kunle-the-alienguy,kunle the alienguy,People feared kunle because of his alien's colour,male,,dea2f5d8-e3ba-4d3f-9a17-0a7edfd0c100,,a8fff553772f2d70b0002c3d5033ff37f9129ec6992a357d20836f70cce90f35
354,segun-the-sharp,segun the sharp,Segun drives with caution and people love him for that,male,,f9159a9c-f48d-4aee-bcc1-63c86209f806,,2ab71d23b988b89509f5a02c474c7e76a3413916f8fd85e23c39d059a7078ab7
355,ola-the-hardguy,ola the hardguy,Ola is feared by many and he leveraged on that,male,,a814fc77-bdfa-4e50-8ba8-3e4e4bcfb3c0,,621ba247af04328d2b9f771f4188a0f6f0e7fe755b001b604a5ce0cf290cccac
356,emeka-the-chief,emeka the chief,Crowd are always at Emeka's house and people respect him,male,,195e89c8-0b6f-43ad-9a2c-d20f03439e96,,cc4d66506b29188c5199ba8494309dd722a9d7834b0da6e2860e8d3bfcfa93c4
357,ugochukwu-the-celeb,ugochukwu the celeb,Ugochukwu has many followers on social media,male,,74775cda-cff4-4d21-8819-693127598eca,,8f371d3a01a93ce92e6f1fd2088048b0d6fc5a559a6708dd81140f9744298f67
358,adekunle-the-yorubademon,adekunle the yoruba demon,A womans' man with no devotion to any of them,male,,5c98c2d8-3144-4e08-8a0f-9b8d7e4f5aa7,,0af14e3b78ed932fe104d277723878ed42ec937fbe7767202cd2f5f3392cbdde
359,favour-the-fashionista,favour the fashionista,Combining dresses is not a problem for Favour,female,,19fc15c3-80fe-4d45-a2fe-be8f087d57c4,,36c7db28834172530d90f7399cc3a90c7e523573746b5ab5f75a567b061f4971
360,jane-the-slayqueen,jane the slayqueen,Jane is always found in the midst of men and loves partying,female,,74775cda-cff4-4d21-8819-693127598eca,,5c3dcb880495c8b0f05a2cac2a04f68901947d90b10869a18236df346a460853
TEAM VBELT,,,,,,,,24d1eb84b19eb5f729177685489ece1efd8574eb38469bf5298798b72e70a834
361,osas-the-ceo,osas the ceo,Meet Osas	 a Gen-Z CEO with the British accent.,Female,Hair: purple dreadlocks	 Accessory: gold glasses,b10f7e42-4778-49db-820b-dabbad75504a,,be3b2bc3155ee748d4dfb61e7183f50665dbcc9c19ef9ea1df7fb2c31116e800
362,nneka-the-rainbow babe,nneka the rainbow babe,Nneka	 the happy rainbow babe with the vibes,Female,Hair: pink	 Accessory: Pink,e7e20ab8-03e0-4e0a-80aa-6e193f84426e,,e58906285e0d9f019915264a1896dff0d11dbe696c4047a69e71dfd166043511
363,temitope-the-spoilt girl,temitope the spoilt girl,Temitope	 our favourite Daddy's girl.,Female,Teeth: vampire teeth	 accessory: gold glasses,10cbcbcb-754e-4175-b85d-d0c7eafa16a2,,7ea3e8bd846a80d58e6685d9c09673a85b43ee6c400341f8c2659e26aeb6e24a
364,bekeh-the-party animal,bekeh the party animal,Baby Bekeh	 Life of the party that goes home with your charger.,Female,Hair: dark brown	 Accessory: gold glasses,f0558235-3043-46e5-b26c-5bde83cc67fb,,ef3e5171d7e3e0d7ebd45d4ef0de2823ff7d01e18a414fa8c9ac14d12630878e
365,nana-the-tech lady,nana the tech lady,Nana	 the tech madam that doubles as Kumasi Adele in her bathroom every morning.,Female,Accessory: gold glasses	 beret	 Hair: black,e0858913-7050-4c4a-a2a0-442a88463334,,8d822a38fd93627252cc379f99137317de3f1e1d4ec3edbb6ff21ad5b3b9cdac
366,rofiat-the-marketer,rofiat the marketer,Rofiat	 the distressed marketing intern.,Female,Eyes: Brown	 Hair: Purple dreadlocks,1e4d9bda-f6f9-4e7a-9381-bee4b074b56d,,8d6c817e8b4f6ffc2910aaa863cadcdc12ad1d86c905d415aa0c11667607a060
367,zarifa-the-righteous,zarifa the righteous,Meet Zarifa	 a proper baddie for Christ.,Female,Eyes: Blue Hair: Pink,c6955d16-c343-46bc-9bed-c069ea8cc65a,,1da36d80676ac287b74b94a9543cf5b3491aaa8d338fc7b3e41eb382b031d2dc
368,modinat-the-troublesome,modinat the troublesome,Modinat	 The queen of Gbas Gbos.,Female,Teeth: vampire teeth	 Accessory: brown glasses	 Hair: long maroon hair,49eb44e8-1117-463b-b7b3-1bcea4258362,,65f64acdb0807072dc120ad2c51e4eab9c2f3ac584406c7b0cd86e32cdc44f46
369,amaka-our-mummy-g.o,amaka our mummy g.o,Here's Amaka	 our one and only mummy G.O who's been to hell and back.,Female,Eyes: blue	 Hair: dark brown,853edc40-0f9d-40c5-ba78-46067dfd7f68,,e0744847c560a176e1303826aebd13a06c9ff38e6d019c054665f1d207930094
370,mawusi-the-patient,mawusi the patient,Meet Mawusi	 the sweet sister waiting for her Canadian bobo.,Female,Eyes: Blue	 Accessory: beret	 Hair: Black,ca9ddc30-141a-493d-851b-71d34f599641,,cdd0e823a02bb24b00d860ea7abf95c4b1d4c99de7a61d1764c785a613c0449f
371,nesta-the-difficult,nesta the difficult,Meet Nesta	the National Chairlady	 Shege Administrators of Nigeria. (SAN),Female,Hair: double puffy hair	 Accessory: hair bands	 Eyes: brown,fc3b7ca7-efdb-45b2-b7c9-e69107484a43,,5e1a62dc79f645c70a7419a6544396a446c82f28a384527e5f50ebb54ac359a9
372,adaora-the-choir mistress,adaora the choir mistress,Adaora	 our able choir mistress that will take your boyfriend for vanishing.,Female,Accessory: choker necklace	 Eyes: brown	 Hair: black,df944505-da1a-424e-88aa-b9d365bd2775,,c45f31e7b9cc7a74420ef80c23dc058b28669e010642f35b132cb9a596d3f565
373,busayo-the-husband snatcher,busayo the husband snatcher,Miss Busayo	 Can transplant your husband with the blink of her eyes,Female,Eyes: brown	 Hair: brown,73c8d935-4a71-41d2-a1de-066ae8d548e6,,884e52542c6626604018d493eb49c63d820d8eaeeb9b48181a01b5ea6fdc64ae
374,wangari-the-waitress,wangari the waitress,Wangari	 the aspiring musician that doubles as a waitress.,Female,Accessory: Purple earrings	 eyes: brown eyes	 hair: purple dreadlocks,4bd7a15b-cc66-4e2d-8fdb-d550f2dd645c,,4956a9983a22d0d414dd93ebdd4ad1c78193d109d228b4612eae62d047f5a432
375,charlene-the-shy lady,charlene the shy lady,Meet Charlene	 the shy sweetheart next door.,Female,Hair: brown afro	 Eyes: brown,36539b84-ada0-43cb-92d4-30596e07a39a,,fb0919bf236034de452472636c965ff442b87d5423892a31e5bfa47d5c07cf00
376,addae-the-unretired,addae the unretired,Mummy Addae	 the hot grandma that has refused to retire.,Female,Accessory: choker necklace	 Eyes: brown	 Hair: brown,ced7b53c-73de-4fc7-a652-2b17ebfe68c9,,e064a3dbb9f8a0e4b599885aeb9c0e6ae208bef3b0e5ab6b972c4771e939629e
377,abena-the-slay queen,abena the slay queen,Abena	 the gang's slay queen,Female,Eyes: squinting	 Hair: long brown braids,1e4728e1-3e45-4972-9755-4a38e784ff91,,72e46f9fbc512e976c929fae4547cec74c4d0301da2a9487440dfc8856069d3e
378,gasira-the-violence mama,gasira the violence mama,Sister Gasira	 wipes people Oraimo cord for a living.,Female,Teeth: vampire teeth	 Hair: brown bun,ea72337f-658f-4198-9ad6-39bc6212c20d,,c5b33e7e93cf1b38738815d9779bf97130aa19d16eb5397356ff93f532c112eb
379,salamatou-the-exchange student,salamatou the exchange student,Salamatou	 An Ivorian exchange student who's in love with Amala.,Female,Accessory: beret	 Hair: Black	 Eyes: Squinted,0e216fd1-d96a-4e3c-a59b-c807f772c5b3,,5f610d29916d0b08d4d6cbd74e5fd877d3849b0b9f3baca13e765f19ec6305cb
380,nguyen-the-foreigner,nguyen the foreigner,Meet Nguyen	 the Asian Aunt that's addicted to Waakaye.,Female,Eyes: Squinted	 Skin: White	 Hair: dark brown,0381301b-b5a3-42c1-9f73-2c43c0b8493f,,d1b665e380bb0c6ac0a0c2e47e5e697cdfe3dcae01a3bf9a0e7a0a34b17f63cc
TEAM AXE,,,,,,,,3d93a730a1bad05125289afa1b04a54dd0a088162c099598a9213b870fae2c3e
381,Olofi,Olofi,Olofi is the Yoruba creator god and messenger.,Male,Eyes: Sky Blue. Accessories: FaceMask. Strength: Creation God. Weakness: Love,26340cc4-e334-494e-a737-f2b4bb9bb22e,,82a77dc55b9767b0a866854f835aaa7fceea658cae85638c3823e1157eebf378
382,Amadioha,Amadioha,Amadioha is the Igbo high god of thunder.,Male,Eyes:Shut. Hair: Bald. Accessories: FaceMask. Strength: Thunder Bolt.  Weakness:  PalmOil,a0586a93-7aff-43cc-8282-d081b8d6fe90,,65633d197f63b0258dc8835408e2760e0ff52efba3d152df03ced969a504b468
383,Sango,Sango,Sango is the yoruba diety of thunder.,Male,Hair:Shiny Bald. Clothing: AsoOke. Expression: Cunning. Strength: Thunder Clap. Weakness: Mice,15e1775c-74fe-4a0b-b79c-49f6b730fa89,,b1b2df0bcb325513f347d6efcc8027f8b9d12810008c207850aee54df6fcf91b
384,Agwu,Agwu,Agwu is the Igbo deity of health and divination.,Male,Eyes: Aquamarine. Hair: Shiny Bald. Expression: Childlike. Strength: Healing. Weakness: Fire,311a6713-66c9-43ce-82d8-e3ce03a87a81,,5a99a8ab0ab44a3d79fa48d1a4f162276cbc439b1d552b102b621fbf06991d9c
385,Tano,Tano,Tano is the master of the Ghana river Tano.,Male,Eyes: Squinted.  Clothing: Yellow Danshiki with patterns.,9c34a73f-33ee-4577-aba8-0982c1656ba7,,32077bad4e75c2a4726517e65f221d4c2e952336ec1db9ba646f6c69bc3a8276
386,Anansi,Anansi,Anansi is a trickster god of stories of the Ghana people.,Male,Eyes: Sleepy. Accessories: FaceMask.  Clothing: Black Danshiki with patterns. Strength: Illusions. Weakness: Mirrors,784f0f6b-4273-4a31-88d7-2455b96c9011,,3d429a82a0ec73d358e47922cb07340b25c7e05ba346b04a806787a2d3780dd1
387,Nyame,Nyame,Nyame is the omnipotent god of the Ghana region.,Male,Eyes:Black	 Hair:Bald	 Expression: Serious. Accessories: Facemask. Clothing: Yellow Patterned Danshiki with black lining. Strength: HeatBlast. Weakness: Cattles.,f3af0bbd-0724-4696-89ff-ed67f63e6b4f,,1337c5de3152c7f4244f7567fcc753b6643fefa58125488748d257c78d210dba
388,Obatala,Obatala,Obatala is the lord of all gods in the Yoruba land.,Male,Eyes: Pitch Black. Expression: Mysterious. Clothing: Yellowish Blue Native. Strength: Oro Ase. Weakness: None.,c447c120-830e-4543-9cb3-5917ba36bce8,,8ba378e704e04d26397e54c08ba54a1225abbeae550d2be25b75d35e2782aa4f
389,Erinle,Erinle,Erinle is a powerful hunter of the Yoruba land.	,Male,,dacbbb38-087d-4248-8085-13b619da0ef9,,b9c0a156a44c2b22571ab6826921e8f774075ab957d747dd590c722a0226c299
390,Ogun,Ogun,Ogun is the Yoruba God of iron and metal work.,Male,,94c607b3-791e-40df-bd93-50926f094143,,d182f63340f9d5f46bf8b2e305dd470568c5b135231723879fd45e263a4432d8
391,Abosom,Abosom,Abosom is the goddess of wisdom and knowledge of the Ghana people.,Female,,b3427836-627b-41e4-a2d0-c29473448343,,5e30a2fe8b0a2dfb23c617032147c79b63612d85cb557bc4bf11375e39fa3d0f
392,Oya,Oya,Oya is the goddess of violent storms and winds of the Yoruba people.,Female,,22aaebe4-4659-44de-ab3d-c4dae11fe9f5,,5adbb85e31118db41a3794778f6ac32a862b02866ade8d17d12afb222e8ea681
393,Agbala,Agbala,Agbala is the stylish goddess of the future for the Igbo region.,Female,,ca720bf9-5e47-4421-b38f-bc62162ae99e,,8f6cdd207e73ccb27777492403147ba97a59364c094b6bcf03e02fab42b87dca
394,Njoku-ji,Njoku-ji,Njoku-ji is the goddess of new yam of the Igbo people.,Female,,3b795bad-91b4-4d0e-8ed8-bccbb226fc55,,01bb82979307078cac7c85812120b3f00af57e27caa7e15c3ddc119f23bafdfc
395,Akonadi,Akonadi,Akonadi is the goddess of justice and prophesies of the Ghana people.,Female,,2aebd094-3be5-4773-a7a0-361f6332a7d4,,9790c4393ec04db0bf236ffb481ba4dfdeb1dd20981c994611435c0c0483fdc8
396,Onyame,Onyame,Onyame is the goddess of the moon of the ghana region,Female,,fb148f97-d309-45a4-b902-4e066ca13f96,,284897fb29705a11ca15a8dc7f1f84dd2d2eaa88683a97e205e5651b84512c83
397,Ibeji,Ibeji,Ibeji is the goddess of balance and twin of the Yoruba people.,Female,,7b210c03-5446-462d-980e-c73dbbc1e386,,0b6815201be9aaeb9dce7cbd4314a30048ac091663ff34a064684a29f4de55e7
398,Asase-ya,Asase-ya,Asase-ya is the goddess of fertility and love of the Ghanaian people,Female,,80b51092-3fbc-4d0c-8518-fc461ccb6c80,,9464638b6476c98d8d32bc535844f0a500bde8b92ebc30ed92ac01939606b824
399,Yemoja,Yemoja,Yemoja is the stylish yoruba goddess of the rivers.,Female,,1693b44d-96cf-4c2d-89be-9f4219c28447,,7334fe1ee191e9fe82374414c33866f97612d40fcbac79c2124b2353e0ba923d
400,Yemaya,Yemaya,Yemaya is the Ghana goddess of rivers and waters.,Female,,9609d0f4-d9d3-4cff-aa06-a9c459fefa39,,5eaf664121e039b87eb8c633acefbcbac1117975789e9e255bd10afd017d650c
TEAM BOOT,,,,,,,,258c1571645b9d6abe560cd99171382a32526d148f9d44143ade30e07ac7c7ee
401,smirky-becky,smirky becky,Becky ends every statement she makes with a smirk.,female,Eyes: Brown	 Accessories: Ankara beret,87bcc41f-eb3e-4ba2-9645-223c949a9b50,,61e0ce9885b13096904218a4b791f3d9c6da6b64672accf7e86098e8ad45119d
402,ankara-scarlett,ankara scarlett,Scarlett is a tailor at yaba market and she loves what she does.,female,Hair: Orange bun	 Skin Colour: Caramel,66d0149f-5f2a-4ded-8e6b-9bd7d7631c39,,76ad7c9d5020eabd9cbd7ad9c0637f91ae9ad2d2fe1a46a5a31850160fc1afc0
403,sea-rastafaria,sea rastafaria,Ronke is the ghetto goddess that nobody wants to mess with. Stay clear!,female,Hair: Purple dreadlocks	 Skin Colour: Caramel,d1556c97-9075-49fc-8bde-1826bfc2dbe1,,bf6eb81a17c5ce48cdb3a7e435255c260596a51ae1efdd9ac466da479666c2d4
404,pretty-betty,pretty betty,Betty is always proud of her beauty.,female,Hair: Orange bob	 Skin Colour: Caramel,6a4f5b7c-914d-42c5-8e5f-d1c34ca48886,,6ea08093aca6c10574cab6a15aae685985d6ed02642ee6f95f4b3b02db3d39f7
405,lola-medusa,lola medusa,Lola knows how to seduce every guys she is into.,female,Hair: Long red braids	 Skin Colour: Caramel,32ec57f7-8272-4671-ad2d-db3dff99fe9f,,11915bf91c1d70ca077c00d63fc6a6d4c4ec98148811a8a266d2a8c1efdec25c
406,bukola-nosend,bukola nosend,Bukola is friends with many but always get moody.,female,Hair: Brunette bob	 Skin Colour: Dark brown,59d19b13-09e2-412e-a669-df020e03ae10,,31b8be4a1ddfdcb1a3a4d51480c4bed7cd15d9f26876afa1cb5eea0c0983cbf9
407,burna-morgan,burna morgan,Morgan paints the town red with her red hair.,female,Hair: Two brunette buns	 Skin colour: Dark brown	 Accessories: Tobacco pipe,d08af477-de20-4780-8449-46b87840b9fa,,c51a82b3892508f5f479214f088e17f63f262b194c8c7c022725bcf645ba42f4
408,afro-star,afro star,Bimbo is an afro star with great affluence.,female,Hair: Orange afro	 Skin Colour: Caramel,40743b16-ae12-4b4a-989c-e5fbf1e2e0ca,,7f8e41be237c6904d1b38a6694ea8ffba11426aafd05d846ea6f181c86ee55be
409,fiesty-sandra,fiesty sandra,Sandra is a social animal	 correct owambe ambassador.,female,Hair: Brown bun	 Accessories: Purple bubblegum,d875aa6c-3e4a-4450-b09c-e9f1cdcc3947,,2863f66e4abaf92d36ae36a1e242e24043b069608ee7601799f68528ec67d80f
410,sister-nkechi-sabi,sister nkechi sabi,Nkechi is the true definition of amebo	 always in peoples business.,female,Hair: Black low cut	 Skin Colour: Brown,a728a380-1d33-4080-841d-80b041474d8f,,3017cc50a52f3abb0326016c8baf3686cdf029572cc1330be650323a80eebeb7
411,unfriendly-gina,unfriendly gina,Gina is an angry one	 she has no friends but she has a lot of money.,female,Hair: Orange bun	 Skin Colour: Caramel	 Expression: Stoic,dd30a327-8a74-40a5-8207-19a790508ccc,,47327b6fe8644e09e47e572e74f369c5e33d00543fedf2b22ec5c2cf01b70a68
412,dada-ganster,dada ganster,Dada respects no one	 always finds pleasure terrorising others.,female,Hair: Purple dreadlocks	 Skin Colour: Brown	 Expression: Annoyed,e1a43f65-aad2-4385-ac5e-bc159c6e0f2a,,0f5a733bc741312e624ba9fc310e27954bad395faedaf71a8be5862b88457d08
413,idoncare-linda,idoncare linda,Linda is a beautiful but very annoying girl	 she turns every thing to a fight.,female,Hair: Orange bob	 Skin Colour: Caramel	 Expression: Mischievous,ed04b47c-ae98-4db2-b71b-04d7bb976d45,,f6436183129b49f8e6e6d42fd3774d2feced12cb8109919d82af7cf145221de5
414,doubting-vivian,doubting vivian,Vivian just like the thomas in the bible	 she doubts all.,female,Hair: Long red braids	 Skin Colour: Caramel	 Expression: Pissed,a0282797-44ef-4bfb-a701-e4ed5e727d63,,9e4ea47f687f041c8f6a0435ca67145f942f9715752e6c0c1f0b5b39493342f3
415,simbi-side-eyed,simbi side eyed,Simbi is reserved but doesn't allow anyone intimidate her.,female,Hair: Two orange buns	 Skin Colour: Brown,1f99104c-e98b-4c9a-9891-00a481e86008,,405e9d9b857a7b3ed1e1fae896e0863a9c9b35685f658d8dee223e0740d19694
416,bambi-tekno,bambi tekno,Bambi is the dancer of the team.,female,Hair: Brown low buns	 Skin Colour: Blue	  Accessories: Yellow sunglasses,95ff5e2c-1ff2-4d58-890b-de0f39f9d8ce,,ba7eb2ca2d08cefb1fa30ca6555bcbb6268f7f1917105fd80b3af115cb653537
417,saka-portable,saka portable,Saka is forever convinced that his toothless smile is the icing on his cake.,male,Skin Colour: Blue	 Accessories: Purple cap and yellow sunglasses,bd98f74f-e42e-494e-8298-3183555ca666,,36f9f009b9d3cf978d698e21948a24c037385eedeefed963c4cefd508699fbe2
418,king-of-boys,king of boys,Busayo finds her way in ruling the boys and that's why she's king of boys.,female,Hair: Black buns	 Skin color: White	 Accessories: Cigarette pipe,a650e79c-f964-4eb1-aa89-f9c1dbdede76,,58bbe14d4f585d54a15b03568f4925052f6c9ce4473aa391896f17b60ec58bbf
419,funky-alte-pop,funky alte pop,Funke is always the life of every party	 strong gen z advocate.,female,Hair:  Two red buns	 Skin color: White	 Acessories Yellow sun shades	 Expression: Rugged,b6753a8b-6127-4e97-812b-99e465791ba3,,faa0ea06e64f3e6546a1052b16cf84d8ce9fa159d221c88c4d30378bd07f7ced
420,madame-ngozi,madame ngozi,Ngozi make heads turn with her bright colours.,female,Hair: Brown afro	 Skin  color: White	 Accessories: Yellow sunglasses	 Expression: Pissed,7ecdbb1d-9a89-4136-b240-499051836979,,066a9d899dd9fadbf603a61c7b1c625d312e9defe054cdeb7e8b1a5a3b54b012